Workbook

Sheet Weight Log
A1: Timestamp | B1: TIME | C1: Weight

Sheet NVScriptsProperties
A1: autocratn | B1: autocratp
A2: dataSheetName | B2: "Sheet74"
A3: v | B3: "5.1"
A4: dataSheetId | B4: "1.93398831E8"
A5: updateTime | B5: "1.754241016814E12"
A6: vp | B6: "5.1"
A7: ssId | B7: "1p7n7VGnhBnHBgXaegcBc4PNjDHs8ya7wb5iAtHQE3QU"

Sheet WORK ANALYTICS
B1: =IF(B2>0,"MAX WEEK",IF(B3>0,"MAX WEEK",if(B4>0,"MAX WEEK",""))) -> MAX WEEK | C1: =IF(C2>0,"WEEK 1",IF(C3>0,"WEEK 1",if(C4>0,"WEEK 1",""))) -> WEEK 1 | D1: =IF(D2>0,"WEEK 2",IF(D3>0,"WEEK 2",if(D4>0,"WEEK 2",""))) -> WEEK 2 | E1: =IF(E2>0,"WEEK 4",IF(E3>0,"WEEK 4",if(E4>0,"WEEK 4",""))) -> WEEK 4 | F1: =IF(F2>0,"WEEK 5",IF(F3>0,"WEEK 5",if(F4>0,"WEEK 5",""))) | G1: =IF(G2>0,"WEEK 6",IF(G3>0,"WEEK 6",if(G4>0,"WEEK 6",""))) | H1: =IF(H2>0,"WEEK 7",IF(H3>0,"WEEK 7",if(H4>0,"WEEK 7",""))) | I1: =IF(I2>0,"WEEK 8",IF(I3>0,"WEEK 8",if(I4>0,"WEEK 8",""))) | J1: =IF(J2>0,"WEEK 9",IF(J3>0,"WEEK 9",if(J4>0,"WEEK 9",""))) | K1: =IF(K2>0,"WEEK 10",IF(K3>0,"WEEK 10",if(K4>0,"WEEK 10",""))) | L1: =IF(L2>0,"WEEK 11",IF(L3>0,"WEEK 11",if(L4>0,"WEEK 11",""))) | M1: =IF(M2>0,"WEEK 12",IF(M3>0,"WEEK 12",if(M4>0,"WEEK 12",""))) | N1: =IF(N2>0,"WEEK 12","") | O1: =IF(O2>0,"WEEK 13","") | P1: =IF(P2>0,"WEEK 14","") | Q1: =IF(Q2>0,"WEEK 15","") | R1: =IF(R2>0,"WEEK 16","") | S1: =IF(S2>0,"WEEK 17","") | T1: =IF(T2>0,"WEEK 18","") | U1: =IF(U2>0,"WEEK 19","") | V1: =IF(V2>0,"WEEK 20","") | W1: =IF(W2>0,"WEEK 21","") | X1: =IF(X2>0,"WEEK 22","") | Y1: =IF(Y2>0,"WEEK 23","") | Z1: =IF(Z2>0,"WEEK 24","") | AA1: =IF(AA2>0,"WEEK 25","") | AB1: =IF(AB2>0,"WEEK 26","") | AC1: =IF(AC2>0,"WEEK 27","") | AD1: =IF(AD2>0,"WEEK 28","") | AE1: =IF(AE2>0,"WEEK 29","") | AF1: =IF(AF2>0,"WEEK 30","") | AG1: =IF(AG2>0,"WEEK 31","") | AH1: =IF(AH2>0,"WEEK 32","") | AI1: =IF(AI2>0,"WEEK 33","") | AJ1: =IF(AJ2>0,"WEEK 34","") | AK1: =IF(AK2>0,"WEEK 35","") | AL1: =IF(AL2>0,"WEEK 36","") | AM1: =IF(AM2>0,"WEEK 37","") | AN1: =IF(AN2>0,"WEEK 38","") | AO1: =IF(AO2>0,"WEEK 39","") | AP1: =IF(AP2>0,"WEEK 40","") | AQ1: =IF(AQ2>0,"WEEK 41","") | AR1: =IF(AR2>0,"WEEK 42","") | AS1: =IF(AS2>0,"WEEK 43","") | AT1: =IF(AT2>0,"WEEK 44","") | AU1: =IF(AU2>0,"WEEK 45","") | AV1: =IF(AV2>0,"WEEK 46","") | AW1: =IF(AW2>0,"WEEK 47","") | AX1: =IF(AX2>0,"WEEK 48","") | AY1: =IF(AY2>0,"WEEK 49","") | AZ1: =IF(AZ2>0,"WEEK 50","") | BA1: =IF(BA2>0,"WEEK 51","") | BB1: =IF(BB2>0,"WEEK 52","")
A2: DB INCLINE PRESS | B2: ='WEEK 1 '!P20 -> 75 | C2: ='WEEK 1 '!P30 -> 55 | D2: ='WEEK 2'!B31 -> 55 | E2: ='WEEK 4 Master Sheet '!P31 -> 75
A3: Machine Press | B3: ='WEEK 1 '!I20 | C3: ='WEEK 1 '!I31 | D3: ='WEEK 2'!I31 | E3: ='WEEK 4 Master Sheet '!I31
A4: Bench Press | B4: ='WEEK 1 '!B20 -> 100 | C4: ='WEEK 1 '!B31 -> 185 | E4: ='WEEK 4 Master Sheet '!B31 -> 80
B10: =IF(B11>0,"MAX WEEK",IF(B12>0,"MAX WEEK",if(B13>0,"MAX WEEK",""))) -> MAX WEEK | C10: =IF(C11>0,"WEEK 1",IF(C12>0,"WEEK 1",if(C13>0,"WEEK 1",""))) -> WEEK 1 | D10: =IF(D11>0,"WEEK 2",IF(D12>0,"WEEK 2",if(D13>0,"WEEK 2",""))) | E10: =IF(E11>0,"WEEK 3",IF(E12>0,"WEEK 3",if(E13>0,"WEEK 3",""))) -> WEEK 3 | F10: =IF(F11>0,"WEEK 5",IF(F12>0,"WEEK 5",if(F13>0,"WEEK 5",""))) | G10: =IF(G11>0,"WEEK 6",IF(G12>0,"WEEK 6",if(G13>0,"WEEK 6",""))) | H10: =IF(H11>0,"WEEK 7",IF(H12>0,"WEEK 7",if(H13>0,"WEEK 7",""))) | I10: =IF(J11>0,"WEEK 9",IF(J12>0,"WEEK 9",if(J13>0,"WEEK 9",""))) | J10: =IF(K11>0,"WEEK 10",IF(K12>0,"WEEK 10",if(K13>0,"WEEK 10",""))) | K10: =IF(M11>0,"WEEK 11",IF(M12>0,"WEEK 11",if(M13>0,"WEEK 11","")))
A11: LAT PULL DOWN | B11: ='WEEK 1 '!B42 -> 255 | C11: ='WEEK 1 '!B54 -> 260
A12: HIGH ROW | B12: ='WEEK 1 '!B66 -> 60 | C12: ='WEEK 1 '!B66 -> 60 | E12: ='WEEK 3 '!B50 -> 55
A13: LOW ROW | B13: ='WEEK 1 '!B58 -> 205 | D13: ='WEEK 2'!B56 -> 0
B20: =IF(B21>0,"MAX WEEK",IF(B22>0,"MAX WEEK",if(B23>0,"MAX WEEK",""))) -> MAX WEEK | C20: =IF(C21>0,"WEEK 1",IF(C22>0,"WEEK 1",if(C23>0,"WEEK 1",""))) -> WEEK 1 | D20: =IF(D21>0,"WEEK 2",IF(D22>0,"WEEK 2",if(D23>0,"WEEK 2",""))) -> WEEK 2 | E20: =IF(E21>0,"WEEK 3",IF(E22>0,"WEEK 3",if(E23>0,"WEEK 3",""))) | F20: =IF(F21>0,"WEEK 5",IF(F22>0,"WEEK 5",if(F23>0,"WEEK 5",""))) | G20: =IF(G21>0,"WEEK 6",IF(G22>0,"WEEK 6",if(G23>0,"WEEK 6",""))) | H20: =IF(H21>0,"WEEK 7",IF(H22>0,"WEEK 7",if(H23>0,"WEEK 7",""))) | I20: =IF(I21>0,"WEEK 8",IF(I22>0,"WEEK 8",if(I23>0,"WEEK 8",""))) | J20: =IF(J21>0,"WEEK 9",IF(J22>0,"WEEK 9",if(J23>0,"WEEK 9",""))) | K20: =IF(K21>0,"WEEK 10",IF(K22>0,"WEEK 10",if(K23>0,"WEEK 10",""))) | L20: =IF(L21>0,"WEEK 11",IF(L22>0,"WEEK 11",if(L23>0,"WEEK 11",""))) | M20: =IF(M21>0,"WEEK 12",IF(M22>0,"WEEK 12",if(M23>0,"WEEK 12","")))
A21: LEG PRESS | B21: ='WEEK 2'!B87 -> 240 | C21: 10 | D21: 14
A22: MACHINE SQUAT | B22: ='WEEK 3 '!B86 | E22: ='WEEK 3 '!B86
A23: BAR SQUAT
B30: =IF(B31>0,"MAX WEEK",IF(B32>0,"MAX WEEK",if(B33>0,"MAX WEEK",""))) -> MAX WEEK | C30: =IF(C31>0,"WEEK 1",IF(C32>0,"WEEK 1",if(C33>0,"WEEK 1",""))) -> WEEK 1 | D30: =IF(D31>0,"WEEK 2",IF(D32>0,"WEEK 2",if(D33>0,"WEEK 2",""))) -> WEEK 2 | E30: =IF(E31>0,"WEEK 4",IF(E32>0,"WEEK 4",if(E33>0,"WEEK 4",""))) -> WEEK 4 | F30: =IF(F31>0,"WEEK 5",IF(F32>0,"WEEK 5",if(F33>0,"WEEK 5",""))) | G30: =IF(G31>0,"WEEK 6",IF(G32>0,"WEEK 6",if(G33>0,"WEEK 6",""))) | H30: =IF(H31>0,"WEEK 7",IF(H32>0,"WEEK 7",if(H33>0,"WEEK 7",""))) | I30: =IF(I31>0,"WEEK 8",IF(I32>0,"WEEK 8",if(I33>0,"WEEK 8",""))) | J30: =IF(J31>0,"WEEK 9",IF(J32>0,"WEEK 9",if(J33>0,"WEEK 9",""))) | K30: =IF(K31>0,"WEEK 10",IF(K32>0,"WEEK 10",if(K33>0,"WEEK 10",""))) | L30: =IF(L31>0,"WEEK 11",IF(L32>0,"WEEK 11",if(L33>0,"WEEK 11",""))) | M30: =IF(M31>0,"WEEK 12",IF(M32>0,"WEEK 12",if(M33>0,"WEEK 12","")))
A31: DB SHOULDER PRESS | B31: ='WEEK 1 '!B114 -> 70 | C31: 10 | D31: 14
A32: MACHINE SHOULDER PRESS | C32: 5 | D32: 8 | E32: 13
B35: =IF(B36>0,"MAX WEEK",IF(B37>0,"MAX WEEK",if(B38>0,"MAX WEEK",""))) -> MAX WEEK | C35: =IF(C36>0,"WEEK 1",IF(C37>0,"WEEK 1",if(C38>0,"WEEK 1",""))) | D35: =IF(D36>0,"WEEK 2",IF(D37>0,"WEEK 2",if(D38>0,"WEEK 2",""))) | E35: =IF(E36>0,"WEEK 4",IF(E37>0,"WEEK 4",if(E38>0,"WEEK 4",""))) -> #REF! | F35: =IF(F36>0,"WEEK 5",IF(F37>0,"WEEK 5",if(F38>0,"WEEK 5",""))) | G35: =IF(G36>0,"WEEK 6",IF(G37>0,"WEEK 6",if(G38>0,"WEEK 6",""))) | H35: =IF(H36>0,"WEEK 7",IF(H37>0,"WEEK 7",if(H38>0,"WEEK 7",""))) | I35: =IF(I36>0,"WEEK 8",IF(I37>0,"WEEK 8",if(I38>0,"WEEK 8",""))) | J35: =IF(J36>0,"WEEK 9",IF(J37>0,"WEEK 9",if(J38>0,"WEEK 9",""))) | K35: =IF(K36>0,"WEEK 10",IF(K37>0,"WEEK 10",if(K38>0,"WEEK 10",""))) | L35: =IF(L36>0,"WEEK 11",IF(L37>0,"WEEK 11",if(L38>0,"WEEK 11",""))) | M35: =IF(M36>0,"WEEK 12",IF(M37>0,"WEEK 12",if(M38>0,"WEEK 12","")))
A36: ALTERNATING CURLS | B36: ='DETERMINING MAX WEEK'!E193 -> 40 | E36: =#REF! -> #REF!
A37: BAR CURLS | D37: ='WEEK 2'!I153
A38: MACHINE CURLS | C38: ='WEEK 1 '!B166 | D38: ='WEEK 2'!B158
B42: =IF(B43>0,"MAX WEEK",IF(B44>0,"MAX WEEK",if(B45>0,"MAX WEEK",""))) -> MAX WEEK | C42: =IF(C43>0,"WEEK 1",IF(C44>0,"WEEK 1",if(C45>0,"WEEK 1",""))) -> #REF! | D42: =IF(D43>0,"WEEK 2",IF(D44>0,"WEEK 2",if(D45>0,"WEEK 2",""))) | E42: =IF(E43>0,"WEEK 3",IF(E44>0,"WEEK 3",if(E45>0,"WEEK 3",""))) -> #REF! | F42: =IF(F43>0,"WEEK 5",IF(F44>0,"WEEK 5",if(F45>0,"WEEK 5",""))) | G42: =IF(G43>0,"WEEK 6",IF(G44>0,"WEEK 6",if(G45>0,"WEEK 6",""))) | H42: =IF(H43>0,"WEEK 7",IF(H44>0,"WEEK 7",if(H45>0,"WEEK 7",""))) | I42: =IF(I43>0,"WEEK 8",IF(I44>0,"WEEK 8",if(I45>0,"WEEK 8",""))) | J42: =IF(J43>0,"WEEK 9",IF(J44>0,"WEEK 9",if(J45>0,"WEEK 9",""))) | K42: =IF(K43>0,"WEEK 10",IF(K44>0,"WEEK 10",if(K45>0,"WEEK 10",""))) | L42: =IF(L43>0,"WEEK 11",IF(L44>0,"WEEK 11",if(L45>0,"WEEK 11",""))) | M42: =IF(M43>0,"WEEK 12",IF(M44>0,"WEEK 12",if(M45>0,"WEEK 12","")))
A43: MACHINE PRESS | B43: ='WEEK 1 '!B145 -> 100 | C43: =#REF! -> #REF!
A44: OVERHEAD EXTENSION | E44: =#REF! -> #REF!

Sheet Sheet74

Sheet Pre Workout 1
A9: PRE WORKOUT 1
A10: =HYPERLINK("https://goo.gl/forms/3ibooB993Hi7SS2d2","PRESS TO RECORD BODY WEIGHT") -> PRESS TO RECORD BODY WEIGHT
A12: Laying the Foundation
A13: This week we are going to get your body used to being in the gym. It is imperative that you keep the weight VERY light. No need to push yourself hard at all. Let's warm your body into the process of lifting again and pay close attention to how you recover.
A15: QUICK TIPS
A16: IF IT'S GREEN=NEEDS YOUR INPUT
A17: Click The Title of The workout to see an Instructional Video
A18: REMEMBER TO ROUND OUR SUGGESTED WEIGHTS TO YOUR GYM'S CLOSEST AVAILABLE WEIGHTS.
A21: BEGIN WORKOUT
A23: INSERT BODY WEIGHT | C23: 100
A25: Beginner | D25: Moderate
A26: (Over 1 month since I've worked out) | D26: Less than a month since weight training
A27: x
A29: DAY 1
A32: CHEST & BACK
A33: =HYPERLINK("https://youtu.be/ujVN-A0Z-ic","1. DUMBBELL INCLINE PRESS") -> 1. DUMBBELL INCLINE PRESS
A34: SUGGESTED WEIGHT | B34: =IF((AND(A27="",C23>=170)),25,IF((AND(A27="",C23<170)),20,IF((AND(D27="",C23>170)),15,12.5))) -> 12.5
A35: SET | B35: WEIGHT | C35: REPS | D35: REST | E35: PREVIOUS | F35: REP LOG
A36: 1 | B36: =B34 -> 12.5 | C36: 10 - 12 | D36: 1 MIN | F36: 10
A37: 2 | B37: =IF(F36<10,MROUND(B36*0.85,2.5),B36) -> 12.5 | C37: 10 - 12 | D37: 1 MIN | F37: 10
A38: 3 | B38: =IF(F37<10,MROUND(B37*0.8,2.5),B37) -> 12.5 | C38: 10 - 12 | D38: 1 MIN | F38: 10
A41: =HYPERLINK("https://www.youtube.com/watch?v=PnaDzYh2axA","2. LAT PULL DOWN") -> 2. LAT PULL DOWN
A42: SUGGESTED WEIGHT | B42: =IF((AND(A27="",C23>=170)),35,IF((AND(A27="",C23<170)),20,IF((AND(D27="",C23>170)),30,25))) -> 25
A43: SET | B43: WEIGHT | C43: REPS | D43: REST | E43: PREVIOUS | F43: REP LOG
A44: 1 | B44: =B42 -> 25 | C44: 10 - 12 | D44: 1 MIN | F44: 12
A45: 2 | B45: =IF(F44<10,MROUND(B44*0.8,5),B44) -> 25 | C45: 10 - 12 | D45: 1 MIN | F45: 12
A46: 3 | B46: =IF(F45<10,MROUND(B45*0.8,5),B45) -> 25 | C46: 10 - 12 | D46: 1 MIN | F46: 12
A49: =HYPERLINK("https://www.youtube.com/watch?v=Yke__29qVfo","3. TRICEPS PUSHDOWN (STRAIGHT BAR)") -> 3. TRICEPS PUSHDOWN (STRAIGHT BAR)
A50: SUGGESTED WEIGHT | B50: =IF((AND(A27="",C23>=170)),15,IF((AND(A27="",C23<170)),10,IF((AND(D27="",C23>170)),12.5,10))) -> 10
A51: SET | B51: WEIGHT | C51: REPS | D51: REST | E51: PREVIOUS | F51: REP LOG
A52: 1 | B52: =B50 -> 10 | C52: 10 - 12 | D52: 1 MIN | F52: 5
A53: 2 | B53: =IF(F52<10,MROUND(B52*0.8,2.5),B52) -> 7.5 | C53: 10 - 12 | D53: 1 MIN | F53: 12
A54: 3 | B54: =IF(F53<10,MROUND(B53*0.8,2.5),B53) -> 7.5 | C54: 10 - 12 | D54: 1 MIN
A57: =HYPERLINK("https://www.youtube.com/watch?v=9IqvmIhFxtY","4. BICEP CABLE CURL") -> 4. BICEP CABLE CURL
A58: SUGGESTED WEIGHT | B58: =IF((AND(A27="",C23>=170)),20,IF((AND(A27="",C23<170)),15,IF((AND(D27="",C23>170)),12.5,10))) -> 10
A59: SET | B59: WEIGHT | C59: REPS | D59: REST | E59: PREVIOUS | F59: REP LOG
A60: 1 | B60: =B58 -> 10 | C60: 10 - 12 | D60: 1MIN | E60: =IF('WEEK 1 '!B54=B60,'WEEK 1 '!F54,"") | F60: 10
A61: 2 | B61: =IF(F60<10,MROUND(B60*0.85,5),B60) -> 10 | C61: 10 - 12 | D61: 1MIN | E61: =IF('WEEK 1 '!B55=B61,'WEEK 1 '!F55,"") | F61: 10
A62: 3 | B62: =IF(F61<10,MROUND(B61*0.85,5),B61) -> 10 | C62: 10 - 12 | D62: 1MIN | E62: =IF('WEEK 1 '!B56=B62,'WEEK 1 '!F56,"") | F62: 10
A65: DAY 2
A68: CHEST, BACK & LEGS
A69: =HYPERLINK("https://youtu.be/ujVN-A0Z-ic","1. DUMBBELL INCLINE PRESS") -> 1. DUMBBELL INCLINE PRESS
A70: SUGGESTED WEIGHT | B70: =IF(B36=B38,B36+2.5,IF(B36<=9,MROUND(B36*0.95,5),B37)) -> 15
A71: SET | B71: WEIGHT | C71: REPS | D71: REST | E71: PREVIOUS | F71: REP LOG
A72: 1 | B72: =B70 -> 15 | C72: 10 - 12 | D72: 1 MIN | F72: 10
A73: 2 | B73: =IF(F72<10,MROUND(B72*0.8,2.5),B72) -> 15 | C73: 10 - 12 | D73: 1 MIN | F73: 10
A74: 3 | B74: =IF(F73<10,MROUND(B73*0.8,2.5),B73) -> 15 | C74: 10 - 12 | D74: 1 MIN | F74: 10
A77: =HYPERLINK("https://www.youtube.com/watch?v=PnaDzYh2axA","2. LAT PULL DOWN") -> 2. LAT PULL DOWN
A78: SUGGESTED WEIGHT | B78: =IF(B44=B46,B44+5,IF(B44<=9,MROUND(B44*0.95,5),B45)) -> 30
A79: SET | B79: WEIGHT | C79: REPS | D79: REST | E79: PREVIOUS | F79: REP LOG
A80: 1 | B80: =B78 -> 30 | C80: 10 - 12 | D80: 1 MIN | F80: 10
A81: 2 | B81: =IF(F80<10,MROUND(B80*0.8,5),B80) -> 30 | C81: 10 - 12 | D81: 1 MIN | F81: 10
A82: 3 | B82: =IF(F81<10,MROUND(B81*0.8,5),B81) -> 30 | C82: 10 - 12 | D82: 1 MIN | F82: 10
A85: =HYPERLINK("https://www.youtube.com/watch?v=Yke__29qVfo","3. TRICEPS PUSHDOWN (STRAIGHT BAR)") -> 3. TRICEPS PUSHDOWN (STRAIGHT BAR)
A86: SUGGESTED WEIGHT | B86: =IF(B52=B54,B52+5,IF(B52<=9,MROUND(B52*0.95,5),B53)) -> 7.5
A87: SET | B87: WEIGHT | C87: REPS | D87: REST | E87: PREVIOUS | F87: REP LOG
A88: 1 | B88: =B86 -> 7.5 | C88: 10 - 12 | D88: 1 MIN | F88: 10
A89: 2 | B89: =IF(F88<10,MROUND(B88*0.8,2.5),B88) -> 7.5 | C89: 10 - 12 | D89: 1 MIN | F89: 10
A90: 3 | B90: =IF(F89<10,MROUND(B89*0.8,2.5),B89) -> 7.5 | C90: 10 - 12 | D90: 1 MIN | F90: 10
A93: =HYPERLINK("https://www.youtube.com/watch?v=9IqvmIhFxtY","4. BICEP CABLE CURL") -> 4. BICEP CABLE CURL
A94: SUGGESTED WEIGHT | B94: =IF(B60=B62,B60+5,IF(B60<=9,MROUND(B60*0.95,5),B61)) -> 15
A95: SET | B95: WEIGHT | C95: REPS | D95: REST | E95: PREVIOUS | F95: REP LOG
A96: 1 | B96: =B94 -> 15 | C96: 10 - 12 | D96: 1MIN | E96: =IF('WEEK 1 '!B90=B96,'WEEK 1 '!F90,"") | F96: 10
A97: 2 | B97: =IF(F96<10,MROUND(B96*0.8,5),B96) -> 15 | C97: 10 - 12 | D97: 1MIN | E97: =IF('WEEK 1 '!B91=B97,'WEEK 1 '!F91,"") | F97: 10
A98: 3 | B98: =IF(F97<10,MROUND(B97*0.8,5),B97) -> 15 | C98: 10 - 12 | D98: 1MIN | E98: =IF('WEEK 1 '!B92=B98,'WEEK 1 '!F92,"") | F98: 10
A101: =HYPERLINK("https://www.youtube.com/watch?v=dVterVQksD4","5. LEG PRESS") -> 5. LEG PRESS
A102: SUGGESTED WEIGHT | B102: =IF((AND(A27="",C23>=170)),70,IF((AND(A27="",C23<170)),60,IF((AND(D27="",C23>170)),55,50))) -> 50
A103: SET | B103: WEIGHT | C103: REPS | D103: REST | E103: PREVIOUS | F103: REP LOG
A104: 1 | B104: =B102 -> 50 | C104: 10 - 15 | D104: 1MIN | E104: =IF('WEEK 1 '!B98=B104,'WEEK 1 '!F98,"") | F104: 10
A105: 2 | B105: =IF(F104<10,MROUND(B104*0.8,5),B104) -> 50 | C105: 10 - 15 | D105: 1MIN | E105: =IF('WEEK 1 '!B99=B105,'WEEK 1 '!F99,"") | F105: 10
A106: 3 | B106: =IF(F105<10,MROUND(B105*0.8,5),B105) -> 50 | C106: 10 - 15 | D106: 1MIN | E106: =IF('WEEK 1 '!B100=B106,'WEEK 1 '!F100,"") | F106: 10
A109: DAY 3
A112: LEGS,CHEST & BACK
A113: =HYPERLINK("https://www.youtube.com/watch?v=dVterVQksD4","1. LEG PRESS") -> 1. LEG PRESS
A114: SUGGESTED WEIGHT | B114: =IF(B104=B106,B104+15,IF(B104<=9,MROUND(B104*0.95,5),B105)) -> 65
A115: SET | B115: WEIGHT | C115: REPS | D115: REST | E115: PREVIOUS | F115: REP LOG
A116: 1 | B116: =B114 -> 65 | C116: 15 - 20 | D116: 1MIN | E116: =IF('WEEK 1 '!B110=B116,'WEEK 1 '!F110,"") | F116: 10
A117: 2 | B117: =IF(F116<15,MROUND(B116*0.95,5),B116) -> 60 | C117: 15 - 20 | D117: 1MIN | E117: =IF('WEEK 1 '!B111=B117,'WEEK 1 '!F111,"") | F117: 10
A118: 3 | B118: =IF(F117<15,MROUND(B117*0.95,5),B117) -> 55 | C118: 15 - 20 | D118: 1MIN | E118: =IF('WEEK 1 '!B112=B118,'WEEK 1 '!F112,"") | F118: 10
A119: 4 | B119: =IF(F118<15,MROUND(B118*0.95,5),B118) -> 50 | C119: 15 - 20 | D119: 1MIN | E119: =IF('WEEK 1 '!B113=B119,'WEEK 1 '!F113,"") | F119: 10
A120: 5 | B120: =IF(F119<15,MROUND(B119*0.95,5),B119) -> 50 | C120: 15 - 20 | D120: 1MIN | E120: =IF('WEEK 1 '!B114=B120,'WEEK 1 '!F114,"") | F120: 10
A123: =HYPERLINK("https://youtu.be/NZ9KiFtbiMs","2. LEG EXTENSION") -> 2. LEG EXTENSION
A124: SUGGESTED WEIGHT | B124: =IF((AND(A27="",C23>=170)),40,IF((AND(A27="",C23<170)),35,IF((AND(D27="",C23>170)),35,30))) -> 30
A125: SET | B125: WEIGHT | C125: REPS | D125: REST | E125: PREVIOUS | F125: REP LOG
A126: 1 | B126: =B124 -> 30 | C126: 10 | D126: 1 MIN | F126: 10
A127: 2 | B127: =IF(F126<10,MROUND(B126*0.8,5),B126) -> 30 | C127: 10 | D127: 1 MIN | F127: 10
A128: 3 | B128: =IF(F127<10,MROUND(B127*0.8,5),B127) -> 30 | C128: 10 | D128: 1 MIN | F128: 10
A131: =HYPERLINK("https://youtu.be/XepOfsnGFJg","3. LEG CURL") -> 3. LEG CURL
A132: SUGGESTED WEIGHT | B132: =IF((AND(A27="",C23>=170)),40,IF((AND(A27="",C23<170)),35,IF((AND(D27="",C23>170)),35,30))) -> 30
A133: SET | B133: WEIGHT | C133: REPS | D133: REST | E133: PREVIOUS | F133: REP LOG
A134: 1 | B134: =B132 -> 30 | C134: REP OUT | D134: 1 MIN | F134: 10
A135: 2 | B135: =IF(F134<10,MROUND(B134*0.8,5),B134) -> 30 | C135: REP OUT | D135: 1 MIN | F135: 10
A136: 3 | B136: =IF(F135<10,MROUND(B135*0.8,5),B135) -> 30 | C136: REP OUT | D136: 1 MIN | F136: 10
A139: =HYPERLINK("https://youtu.be/ujVN-A0Z-ic","4. DUMBBELL INCLINE PRESS") -> 4. DUMBBELL INCLINE PRESS
A140: SUGGESTED WEIGHT | B140: =IF(B72=B74,B72+2.5,IF(B72<=9,MROUND(B72*0.95,5),MROUND(B72*0.85,2.5))) -> 17.5
A141: SET | B141: WEIGHT | C141: REPS | D141: REST | E141: PREVIOUS | F141: REP LOG
A142: 1 | B142: =B140 -> 17.5 | C142: 10 - 15 | D142: 1 MIN | F142: 10
A143: 2 | B143: =IF(F142<10,MROUND(B142*0.8,2.5),B142) -> 17.5 | C143: 10 - 15 | D143: 1 MIN | F143: 10
A144: 3 | B144: =IF(F143<10,MROUND(B143*0.8,2.5),B143) -> 17.5 | C144: 10 - 15 | D144: 1 MIN | F144: 10
A147: =HYPERLINK("https://www.youtube.com/watch?v=PnaDzYh2axA","5. LAT PULL DOWN") -> 5. LAT PULL DOWN
...

Sheet Pre Workout 2
A9: PRE WORKOUT 2
A10: =HYPERLINK("https://goo.gl/forms/3ibooB993Hi7SS2d2","PRESS TO RECORD BODY WEIGHT") -> PRESS TO RECORD BODY WEIGHT
A12: This Weeks Goals
A13: This week we are going to continue to get your body used to being back in the gym. There should be still be little to no strain since we are adding weight but we still want to keep it light. We'll be introducing a few new excersizes during this week as well. Push yourself, but not too hard.
A15: QUICK TIPS
A16: IF IT'S GREEN=NEEDS YOUR INPUT
A17: Click The Title of The workout to see an Instructional Video
A18: REMEMBER TO ROUND OUR SUGGESTED WEIGHTS TO YOUR GYM'S CLOSEST AVAILABLE WEIGHTS.
A21: BEGIN WORKOUT
A23: DAY 1
A26: CHEST & BACK
A27: =HYPERLINK("https://youtu.be/ujVN-A0Z-ic","1. DUMBBELL INCLINE PRESS") -> 1. DUMBBELL INCLINE PRESS
A28: SUGGESTED WEIGHT | B28: =IF('Pre Workout 1'!B142='Pre Workout 1'!B144,'Pre Workout 1'!B142+2.5,IF('Pre Workout 1'!F142<=9,MROUND('Pre Workout 1'!B142*0.95,5),MROUND('Pre Workout 1'!B142*0.85,2.5))) -> 20
A29: SET | B29: WEIGHT | C29: REPS | D29: REST | E29: PREVIOUS | F29: REP LOG
A30: 1 | B30: =B28 -> 20 | C30: 10 - 15 | D30: 1 MIN
A31: 2 | B31: =IF(F30<10,MROUND(B30*0.85,2.5),B30) -> 17.5 | C31: 10 - 15 | D31: 1 MIN
A32: 3 | B32: =IF(F31<10,MROUND(B31*0.8,2.5),B31) -> 15 | C32: 10 - 15 | D32: 1 MIN
A35: =HYPERLINK("https://www.youtube.com/watch?v=PnaDzYh2axA","2. LAT PULL DOWN") -> 2. LAT PULL DOWN
A36: SUGGESTED WEIGHT | B36: =IF('Pre Workout 1'!B150='Pre Workout 1'!B152,'Pre Workout 1'!B150+15,IF('Pre Workout 1'!F150<=9,MROUND('Pre Workout 1'!B150*0.95,5),MROUND('Pre Workout 1'!B150*0.85,2.5))) -> 60
A37: SET | B37: WEIGHT | C37: REPS | D37: REST | E37: PREVIOUS | F37: REP LOG
A38: 1 | B38: =B36 -> 60 | C38: 10 - 15 | D38: 1 MIN
A39: 2 | B39: =IF(F38<10,MROUND(B38*0.8,5),B38) -> 50 | C39: 10 - 15 | D39: 1 MIN
A40: 3 | B40: =IF(F39<10,MROUND(B39*0.8,5),B39) -> 40 | C40: 10 - 15 | D40: 1 MIN
A43: =HYPERLINK("https://www.youtube.com/watch?v=9YH1YvZbiY0","3. MACHINE LOW ROW") -> 3. MACHINE LOW ROW
A44: SUGGESTED WEIGHT | B44: =IF((AND(A27="",C23>=145)),40,IF((AND(A27="",C23<145)),35,IF((AND(D27="",C23>145)),35,30))) -> 30
A45: SET | B45: WEIGHT | C45: REPS | D45: REST | E45: PREVIOUS | F45: REP LOG
A46: 1 | B46: =B44 -> 30 | C46: 10 - 15 | D46: 1 MIN
A47: 2 | B47: =IF(F46<10,MROUND(B46*0.8,5),B46) -> 25 | C47: 10 - 15 | D47: 1 MIN
A48: 3 | B48: =IF(F47<10,MROUND(B47*0.8,5),B47) -> 20 | C48: 10 - 15 | D48: 1 MIN
A51: =HYPERLINK("https://www.youtube.com/watch?v=Yke__29qVfo","4. TRICEPS PUSHDOWN (STRAIGHT BAR)") -> 4. TRICEPS PUSHDOWN (STRAIGHT BAR)
A52: SUGGESTED WEIGHT | B52: ='Pre Workout 1'!B86 -> 7.5
A53: SET | B53: WEIGHT | C53: REPS | D53: REST | E53: PREVIOUS | F53: REP LOG
A54: 1 | B54: =B52 -> 7.5 | C54: 10 - 12 | D54: 1 MIN
A55: 2 | B55: =IF(F54<10,MROUND(B54*0.8,2.5),B54) -> 5 | C55: 10 - 12 | D55: 1 MIN
A56: 3 | B56: =IF(F55<10,MROUND(B55*0.8,2.5),B55) -> 5 | C56: 10 - 12 | D56: 1 MIN
A59: =HYPERLINK("https://www.youtube.com/watch?v=9IqvmIhFxtY","5. BICEP CABLE CURL") -> 5. BICEP CABLE CURL
A60: SUGGESTED WEIGHT | B60: =IF('Pre Workout 1'!B96='Pre Workout 1'!B98,'Pre Workout 1'!B96+5,IF('Pre Workout 1'!F96<=9,MROUND('Pre Workout 1'!B96*0.95,5),MROUND('Pre Workout 1'!B96*0.85,2.5))) -> 20
A61: SET | B61: WEIGHT | C61: REPS | D61: REST | E61: PREVIOUS | F61: REP LOG
A62: 1 | B62: =B60 -> 20 | C62: 10 - 12 | D62: 1MIN | E62: =IF('WEEK 1 '!B54=B62,'WEEK 1 '!F54,"")
A63: 2 | B63: =IF(F62<10,MROUND(B62*0.85,5),B62) -> 15 | C63: 10 - 12 | D63: 1MIN | E63: =IF('WEEK 1 '!B55=B63,'WEEK 1 '!F55,"")
A64: 3 | B64: =IF(F63<10,MROUND(B63*0.85,5),B63) -> 15 | C64: 10 - 12 | D64: 1MIN | E64: =IF('WEEK 1 '!B56=B64,'WEEK 1 '!F56,"")
A67: DAY 2
A70: SHOULDERS, ARMS & LEGS
A71: =HYPERLINK("https://www.youtube.com/watch?v=rmxOkkd2hUk","1. SHOULDER PRESS") -> 1. SHOULDER PRESS
A72: SUGGESTED WEIGHT | B72: =IF((AND(A27="",C23>=145)),12.5,IF((AND(A27="",C23<145)),10,IF((AND(D27="",C23>145)),10,10))) -> 10
A73: SET | B73: WEIGHT | C73: REPS | D73: REST | E73: PREVIOUS | F73: REP LOG
A74: 1 | B74: =B72 -> 10 | C74: 10 - 12 | D74: 1 MIN
A75: 2 | B75: =IF(F74<10,MROUND(B74*0.85,2.5),B74) -> 7.5 | C75: 10 - 12 | D75: 1 MIN
A76: 3 | B76: =IF(F75<10,MROUND(B75*0.8,2.5),B75) -> 5 | C76: 10 - 12 | D76: 1 MIN
A79: =HYPERLINK("https://youtu.be/0BaHgGyCFJY","2. MACHINE REAR DELT FLYS ") -> 2. MACHINE REAR DELT FLYS
A80: SUGGESTED WEIGHT | B80: =IF((AND(A27="",C23>=145)),30,IF((AND(A27="",C23<145)),25,IF((AND(D27="",C23>145)),22.5,20))) -> 20
A81: SET | B81: WEIGHT | C81: REPS | D81: REST | E81: PREVIOUS | F81: REP LOG
A82: 1 | B82: =B80 -> 20 | C82: 10 - 12 | D82: 1 MIN
A83: 2 | B83: =IF(F82<10,MROUND(B82*0.85,5),B82) -> 15 | C83: 10 - 12 | D83: 1 MIN
A84: 3 | B84: =IF(F83<10,MROUND(B83*0.85,5),B83) -> 15 | C84: 10 - 12 | D84: 1 MIN
A87: =HYPERLINK("https://www.youtube.com/watch?v=Yke__29qVfo","3. TRICEPS PUSHDOWN (STRAIGHT BAR)") -> 3. TRICEPS PUSHDOWN (STRAIGHT BAR)
A88: SUGGESTED WEIGHT | B88: =B52 -> 7.5
A89: SET | B89: WEIGHT | C89: REPS | D89: REST | E89: PREVIOUS | F89: REP LOG
A90: 1 | B90: =B88 -> 7.5 | C90: 10 - 12 | D90: 1 MIN
A91: 2 | B91: =IF(F90<10,MROUND(B90*0.85,5),B90) -> 5 | C91: 10 - 12 | D91: 1 MIN
A92: 3 | B92: =IF(F91<10,MROUND(B91*0.85,5),B91) -> 5 | C92: 10 - 12 | D92: 1 MIN
A95: =HYPERLINK("https://www.youtube.com/watch?v=TorWpKwLCSg","4. ALTERNATING BICEP CURLS ") -> 4. ALTERNATING BICEP CURLS
A96: SUGGESTED WEIGHT | B96: =IF((AND(A27="",C23>=145)),12.5,IF((AND(A27="",C23<145)),10,IF((AND(D27="",C23>145)),7.5,5))) -> 5
A97: SET | B97: WEIGHT | C97: REPS | D97: REST | E97: PREVIOUS | F97: REP LOG
A98: 1 | B98: =B96 -> 5 | C98: 10 - 12 | D98: 1MIN | E98: =IF('WEEK 1 '!B90=B98,'WEEK 1 '!F90,"")
A99: 2 | B99: =IF(F98<10,MROUND(B98*0.85,2.5),B98) -> 5 | C99: 10 - 12 | D99: 1MIN | E99: =IF('WEEK 1 '!B91=B99,'WEEK 1 '!F91,"")
A100: 3 | B100: =IF(F99<10,MROUND(B99*0.8,2.5),B99) -> 5 | C100: 10 - 12 | D100: 1MIN | E100: =IF('WEEK 1 '!B92=B100,'WEEK 1 '!F92,"")
A103: =HYPERLINK("https://www.youtube.com/watch?v=dVterVQksD4","5. LEG PRESS") -> 5. LEG PRESS
A104: SUGGESTED WEIGHT | B104: ='Pre Workout 1'!B114-15 -> 50
A105: SET | B105: WEIGHT | C105: REPS | D105: REST | E105: PREVIOUS | F105: REP LOG
A106: 1 | B106: =B104 -> 50 | C106: 10 - 15 | D106: 1MIN | E106: =IF('WEEK 1 '!B98=B106,'WEEK 1 '!F98,"")
A107: 2 | B107: =IF(F106<10,MROUND(B106*0.85,5),B106) -> 45 | C107: 10 - 15 | D107: 1MIN | E107: =IF('WEEK 1 '!B99=B107,'WEEK 1 '!F99,"")
A108: 3 | B108: =IF(F107<10,MROUND(B107*0.8,5),B107) -> 35 | C108: 10 - 15 | D108: 1MIN | E108: =IF('WEEK 1 '!B100=B108,'WEEK 1 '!F100,"")
A111: DAY 3
A114: LEGS,CHEST & BACK
A115: =HYPERLINK("https://www.youtube.com/watch?v=dVterVQksD4","1. LEG PRESS") -> 1. LEG PRESS
A116: SUGGESTED WEIGHT | B116: 80
A117: SET | B117: WEIGHT | C117: REPS | D117: REST | E117: PREVIOUS | F117: REP LOG
A118: 1 | B118: =B116-5 -> 75 | C118: 15 - 30 | D118: 1MIN | E118: =IF('WEEK 1 '!B110=B118,'WEEK 1 '!F110,"") | F118: 12
A119: 2 | B119: =IF(F118<15,MROUND(B118*0.85,5),B118) -> 65 | C119: 15 - 30 | D119: 1MIN | E119: =IF('WEEK 1 '!B111=B119,'WEEK 1 '!F111,"") | F119: 30
A120: 3 | B120: =IF(F119<15,MROUND(B119*0.85,5),B119) -> 65 | C120: 15 - 30 | D120: 1MIN | E120: =IF('WEEK 1 '!B112=B120,'WEEK 1 '!F112,"") | F120: 25
A121: 4 | B121: =IF(F120<15,MROUND(B120*0.85,5),B120) -> 65 | C121: 15 - 30 | D121: 1MIN | E121: =IF('WEEK 1 '!B113=B121,'WEEK 1 '!F113,"") | F121: 12
A122: 5 | B122: =IF(F121<15,MROUND(B121*0.85,5),B121) -> 55 | C122: 15 - 30 | D122: 1MIN | E122: =IF('WEEK 1 '!B114=B122,'WEEK 1 '!F114,"")
A125: =HYPERLINK("https://youtu.be/NZ9KiFtbiMs","2. LEG EXTENSION") -> 2. LEG EXTENSION
A126: SUGGESTED WEIGHT | B126: =IF('Pre Workout 1'!B126='Pre Workout 1'!B128,'Pre Workout 1'!B126+5,IF('Pre Workout 1'!F126<=9,MROUND('Pre Workout 1'!B126*0.95,5),MROUND('Pre Workout 1'!B126*0.85,5))) -> 35
A127: SET | B127: WEIGHT | C127: REPS | D127: REST | E127: PREVIOUS | F127: REP LOG
A128: 1 | B128: =B126 -> 35 | C128: 10 - 15 | D128: 1 MIN
A129: 2 | B129: =IF(F128<10,MROUND(B128*0.85,5),B128) -> 30 | C129: 10 - 15 | D129: 1 MIN
A130: 3 | B130: =IF(F129<10,MROUND(B129*0.8,5),B129) -> 25 | C130: 10 - 15 | D130: 1 MIN
A133: =HYPERLINK("https://youtu.be/XepOfsnGFJg","3. LEG CURL") -> 3. LEG CURL
A134: SUGGESTED WEIGHT | B134: =IF('Pre Workout 1'!B134='Pre Workout 1'!B136,'Pre Workout 1'!B134+5,IF('Pre Workout 1'!F134<=9,MROUND('Pre Workout 1'!B134*0.95,5),MROUND('Pre Workout 1'!B134*0.85,5))) -> 35
A135: SET | B135: WEIGHT | C135: REPS | D135: REST | E135: PREVIOUS | F135: REP LOG
A136: 1 | B136: =B134 -> 35 | C136: 10 - 15 | D136: 1 MIN
A137: 2 | B137: =IF(F136<10,MROUND(B136*0.85,5),B136) -> 30 | C137: 10 - 15 | D137: 1 MIN
A138: 3 | B138: =IF(F137<10,MROUND(B137*0.8,5),B137) -> 25 | C138: 10 - 15 | D138: 1 MIN
A141: WEEK COMPLETE!
A143: =HYPERLINK("https://www.amazon.com/30-Minute-Body-Investment-Champion/dp/0692791892/ref=sr_1_1?ie=UTF8&qid=1490447969&sr=8-1&keywords=30+minute+body","WANT TO LEARN MORE?") -> WANT TO LEARN MORE?
C145: The 30 Minute Body book is based on the facts of proven success that three 30 minute weight training workouts a week combined with a sensible diet, can and will allow you to achieve your health and fitness dreams without feeling constantly beat up and sore while relieving the added stress of doing endless hours of cardio. The knowledge in this book was gleaned by world champion bench press lifter Lance McCullough, who has conducted over 100,000 personal training sessions as a certified personal trainer. From his competition days, he learned what kinds of regiments worked for both him and his competitors. As a personal trainer, he has learned what works for all kinds of people, from youth and seniors, professionals and amateur athletes, the aging, baby boomers, Gen Xers, Millenials and more! All of the information learned from all of his experiences, combined with the science and art of training put together to create this unique health and fitness program that is quick, safe, efficient and effective.

Sheet 90 DAY PROGRESS
H17: YOU'VE LOST | I17: =MAX('Weight Log'!C2:C19)-MIN('Weight Log'!C2:C19) -> 0 | J17: LBS
A39: ='WORK ANALYTICS'!A2 -> DB INCLINE PRESS | D39: ='WORK ANALYTICS'!A3 -> Machine Press | G39: ='WORK ANALYTICS'!A4 -> Bench Press
A40: =IF(B40>0,"INCREASE OF",IF(B40=0,"NO PROGRESS","DECREASE OF")) -> INCREASE OF | B40: =MAX('WORK ANALYTICS'!C2:M2)-MIN('WORK ANALYTICS'!C2:M2) -> 20 | C40: LBS | D40: =IF(E40>0,"INCREASE OF",IF(E40=0,"NO PROGRESS","DECREASE OF")) -> NO PROGRESS | E40: =MAX('WORK ANALYTICS'!C3:M3)-MIN('WORK ANALYTICS'!C3:M3) -> 0 | F40: LBS | G40: =IF(H40>0,"INCREASE OF",IF(H40=0,"NO PROGRESS","DECREASE OF")) -> INCREASE OF | H40: =MAX('WORK ANALYTICS'!C4:M4)-MIN('WORK ANALYTICS'!C4:M4) -> 105 | I40: LBS
A61: ='WORK ANALYTICS'!A11 -> LAT PULL DOWN | D61: ='WORK ANALYTICS'!A12 -> HIGH ROW | G61: ='WORK ANALYTICS'!A13 -> LOW ROW
A62: =IF(B62>0,"INCREASE OF",IF(B62=0,"NO PROGRESS","DECREASE OF")) -> INCREASE OF | B62: =MAX('WORK ANALYTICS'!B11:M11)-MIN('WORK ANALYTICS'!B11:M11) -> 5 | C62: LBS | D62: =IF(E62>0,"INCREASE OF",IF(E62=0,"NO PROGRESS","DECREASE OF")) -> NO PROGRESS | E62: =MAX('WORK ANALYTICS'!B12)-MIN('WORK ANALYTICS'!B12) -> 0 | F62: LBS | G62: =IF(H62>0,"INCREASE OF",IF(H62=0,"NO PROGRESS","DECREASE OF")) -> NO PROGRESS | H62: =MAX('WORK ANALYTICS'!B13)-MIN('WORK ANALYTICS'!B13) -> 0 | I62: LBS
A82: LEG PRESS | D82: MACHINE SQUAT | G82: BAR SQUAT
A83: =IF(B83>0,"INCREASE OF",IF(B83=0,"NO PROGRESS","DECREASE OF")) -> INCREASE OF | B83: =MAX('WORK ANALYTICS'!C21:M21)-MIN('WORK ANALYTICS'!C21:M21) -> 4 | C83: LBS | D83: =IF(E83>0,"INCREASE OF",IF(E83=0,"NO PROGRESS","DECREASE OF")) -> NO PROGRESS | E83: =MAX('WORK ANALYTICS'!C22:M22)-MIN('WORK ANALYTICS'!C22:M22) -> 0 | F83: LBS | G83: =IF(H83>0,"INCREASE OF",IF(H83=0,"NO PROGRESS","DECREASE OF")) -> NO PROGRESS | H83: =MAX('WORK ANALYTICS'!C23:M23)-MIN('WORK ANALYTICS'!C23:M23) -> 0 | I83: LBS
B103: ='WORK ANALYTICS'!A31 -> DB SHOULDER PRESS | F103: ='WORK ANALYTICS'!A32 -> MACHINE SHOULDER PRESS
B104: =IF(D104>0,"INCREASE OF",IF(D104=0,"NO PROGRESS","DECREASE OF")) -> INCREASE OF | D104: =MAX('WORK ANALYTICS'!C31:M31)-MIN('WORK ANALYTICS'!C31:M31) -> 4 | E104: LBS | F104: =IF(G104>0,"INCREASE OF",IF(G104=0,"NO PROGRESS","DECREASE OF")) -> INCREASE OF | G104: =MAX('WORK ANALYTICS'!C32:M32)-MIN('WORK ANALYTICS'!C32:M32) -> 8 | H104: LBS
A124: ='WORK ANALYTICS'!A36 -> ALTERNATING CURLS | D124: ='WORK ANALYTICS'!A37 -> BAR CURLS | G124: ='WORK ANALYTICS'!A38 -> MACHINE CURLS
A125: =IF(B125>0,"INCREASE OF",IF(B125=0,"NO PROGRESS","DECREASE OF")) -> #REF! | B125: =MAX('WORK ANALYTICS'!C36:M36)-MIN('WORK ANALYTICS'!C36:M36) -> #REF! | C125: LBS | D125: =IF(E125>0,"INCREASE OF",IF(E125=0,"NO PROGRESS","DECREASE OF")) -> NO PROGRESS | E125: =MAX('WORK ANALYTICS'!C37:M37)-MIN('WORK ANALYTICS'!C37:M37) -> 0 | F125: LBS | G125: =IF(H125>0,"INCREASE OF",IF(H125=0,"NO PROGRESS","DECREASE OF")) -> NO PROGRESS | H125: =MAX('WORK ANALYTICS'!C38:M38)-MIN('WORK ANALYTICS'!C38:M38) -> 0 | I125: LBS
C145: ='WORK ANALYTICS'!A43 -> MACHINE PRESS | F145: ='WORK ANALYTICS'!A44 -> OVERHEAD EXTENSION
C146: =IF(D146>0,"INCREASE OF",IF(D146=0,"NO PROGRESS","DECREASE OF")) -> #REF! | D146: =MAX('WORK ANALYTICS'!C43:M43)-MIN('WORK ANALYTICS'!C43:M43) -> #REF! | E146: LBS | F146: =IF(G146>0,"INCREASE OF",IF(G146=0,"NO PROGRESS","DECREASE OF")) -> #REF! | G146: =MAX('WORK ANALYTICS'!C44:M44)-MIN('WORK ANALYTICS'!C44:M44) -> #REF! | H146: LBS

Sheet DETERMINING MAX WEEK
A8: WEEK 1 | I8: QUICK TIPS
A9: DAY 1 | I9: You only Log What's in GREEN
A10: CHEST & BACK | I10: Click The Title of The workout to see an Instructional Video
A11: This Weeks Goals
A12: swipe right for quick tips
A13: Today is all about setting the proper foundation for your future workouts. All we want to do is establish maximum strenght levels for some target muscle groups. It is important to keep great form as well as being honest in your logging.
A15: READ BEFORE WORKING OUT
A16: All of the workouts are meant to start off with a light weight to establish form and blood flow. If your 2nd set feels very light, you should jump to one of the recommended sets with a weight you feel will be moderate for you. Then from there work the consecutive sets toward your max then log it in the bright green box.
A17: =HYPERLINK("https://www.youtube.com/watch?v=qrv8cCA-WCY","WATCH- HOW TO MAX PROPERLY") -> WATCH- HOW TO MAX PROPERLY
A18: 1. BENCH PRESS | I18: =HYPERLINK("https://www.youtube.com/watch?v=ujVN-A0Z-ic","1. DUMBBELL INCLINE CHEST PRESS") -> 1. DUMBBELL INCLINE CHEST PRESS | O18: 1. MACHINE PRESS
A19: SET | B19: WEIGHT | C19: REPS | D19: REST | E19: REP LOG | I19: SET | J19: WEIGHT | K19: REPS | L19: REST | M19: REP LOG | O19: SET | P19: WEIGHT | Q19: REPS | R19: REST | S19: REP LOG
A20: 1 | B20: 85 | C20: 1 | D20: 2 MIN | I20: 1 | J20: 30 | K20: 4 | L20: 2 MIN | O20: 1 | P20: 85 | Q20: 4 | R20: 2 MIN
A21: 2 | B21: 135 | C21: 1 | D21: 2 MIN | I21: 2 | J21: 40 | K21: 4 | L21: 2 MIN | O21: 2 | P21: 135 | Q21: 4 | R21: 2 MIN
A22: 3 | B22: 155 | C22: 1 | D22: 2 MIN | I22: 3 | J22: 60 | K22: 4 | L22: 2 MIN | O22: 3 | P22: 155 | Q22: 4 | R22: 2 MIN
A23: 4 | B23: 170 | C23: 1 | D23: 2 MIN | I23: 4 | J23: 70 | K23: 4 | L23: 2 MIN | O23: 4 | P23: 170 | Q23: 4 | R23: 2 MIN
A24: 5 | B24: 185 | C24: 1 | D24: 2 MIN | I24: 5 | J24: 80 | K24: 4 | L24: 2 MIN | O24: 5 | P24: 185 | Q24: 4 | R24: 2 MIN
A25: 6 | B25: 205 | C25: 1 | D25: 2 MIN | I25: 6 | J25: 90 | K25: 4 | L25: 2 MIN | O25: 6 | P25: 205 | Q25: 4 | R25: 2 MIN
A26: 7 | B26: 225 | C26: 1 | D26: 2 MIN | I26: 7 | J26: 100 | K26: 4 | L26: 2 MIN | O26: 7 | P26: 225 | Q26: 4 | R26: 2 MIN
A27: 8 | B27: 240 | C27: 1 | D27: 2 MIN | I27: 8 | J27: 110 | K27: 4 | L27: 2 MIN | O27: 8 | P27: 240 | Q27: 4 | R27: 2 MIN
A28: 9 | B28: 260 | C28: 1 | D28: 2 MIN | I28: 9 | J28: 120 | K28: 4 | L28: 2 MIN | O28: 9 | P28: 260 | Q28: 4 | R28: 2 MIN
A29: 10 | B29: 280 | C29: 1 | D29: 2 MIN | I29: 10 | J29: 130 | K29: 4 | L29: 2 MIN | O29: 10 | P29: 280 | Q29: 4 | R29: 2 MIN
A30: 11 | B30: 305 | C30: 1 | D30: 2 MIN | I30: 11 | J30: 140 | K30: 4 | L30: 2 MIN | O30: 11 | P30: 305 | Q30: 4 | R30: 2 MIN
A31: INSERT FINAL MAX | E31: 245 | I31: INSERT FINAL MAX | O31: INSERT FINAL MAX
A33: =HYPERLINK("https://www.youtube.com/watch?v=PnaDzYh2axA","2. Lat Pull Down") -> 2. Lat Pull Down
A35: Set | B35: Weight | C35: Reps | D35: REST | E35: REP LOG
A36: Set1 | B36: 70 | C36: 4 | D36: 2 MIN
A37: Set 2 | B37: 90 | C37: 4 | D37: 2 MIN
A38: Set 3 | B38: 110 | C38: 4 | D38: 2 MIN
A39: Set 4 | B39: 130 | C39: 4 | D39: 2 MIN
A40: Set 5 | B40: 160 | C40: 4 | D40: 2 MIN
A41: Set 6 | B41: 180 | C41: 4 | D41: 2 MIN
A42: Set 7 | B42: 200 | C42: 4 | D42: 2 MIN
A43: Set 8 | B43: 210 | C43: 4 | D43: 2 MIN
A44: Set 9 | B44: 220 | C44: 4 | D44: 2 MIN
A45: Set 10 | B45: 230 | C45: 4 | D45: 2 MIN
A46: Set 11 | B46: 240 | C46: 4 | D46: 2 MIN
A47: INSERT FINAL MAX | E47: 250
A50: =HYPERLINK("https://www.youtube.com/watch?v=9YH1YvZbiY0","3. Machine Low Row") -> 3. Machine Low Row
A51: SET | B51: WEIGHT | C51: REPS | D51: REST | E51: REP LOG
A52: Set1 | B52: 70 | C52: 4 | D52: 2 MIN
A53: Set 2 | B53: 90 | C53: 4 | D53: 2 MIN
A54: Set 3 | B54: 110 | C54: 4 | D54: 2 MIN
A55: Set 4 | B55: 130 | C55: 4 | D55: 2 MIN
A56: Set 5 | B56: 160 | C56: 4 | D56: 2 MIN
A57: Set 6 | B57: 180 | C57: 4 | D57: 2 MIN
A58: Set 7 | B58: 200 | C58: 4 | D58: 2 MIN
A59: Set 8 | B59: 210 | C59: 4 | D59: 2 MIN
A60: Set 9 | B60: 220 | C60: 4 | D60: 2 MIN
A61: Set 10 | B61: 230 | C61: 4 | D61: 2 MIN
A62: Set 11 | B62: 240 | C62: 4 | D62: 2 MIN
A63: INSERT FINAL MAX | E63: 205
A66: =HYPERLINK("https://www.youtube.com/watch?v=hMUUvL3FlkE","4. MACHINE HIGH ROW") -> 4. MACHINE HIGH ROW
A68: SET | B68: WEIGHT | C68: REPS | D68: REST | E68: REP LOG
A69: Set1 | B69: 50 | C69: 4 | D69: 2 MIN
A70: Set 2 | B70: =B69+5 -> 55 | C70: 4 | D70: 2 MIN
A71: Set 3 | B71: =B70+5 -> 60 | C71: 4 | D71: 2 MIN
A72: Set 4 | B72: =B71+5 -> 65 | C72: 4 | D72: 2 MIN
A73: Set 5 | B73: =B72+5 -> 70 | C73: 4 | D73: 2 MIN
A74: Set 6 | B74: =B73+5 -> 75 | C74: 4 | D74: 2 MIN
A75: Set 7 | B75: =B74+5 -> 80 | C75: 4 | D75: 2 MIN
A76: Set 8 | B76: =B75+5 -> 85 | C76: 4 | D76: 2 MIN
A77: Set 9 | B77: =B76+5 -> 90 | C77: 4 | D77: 2 MIN
A78: Set 10 | B78: =B77+5 -> 95 | C78: 4 | D78: 2 MIN
A79: Set 11 | B79: =B78+5 -> 100 | C79: 4 | D79: 2 MIN
A80: INSERT FINAL MAX | E80: 60
A83: DAY 2
A84: Legs
A85: This Weeks Goals
A87: Today is all about setting the proper foundation for your future workouts. All we want to do is establish maximum strenght levels for some target muscle groups. It is important to keep great form as well as being honest in your logging.
A89: READ BEFORE WORKING OUT
A90: All of the workouts are meant to start off with a light weight to establish form and blood flow. If your 2nd set feels very light, you should jump to one of the recommended sets with a weight you feel will be moderate for you. Then from there work the consecutive sets toward your max then log it in the bright green box.
A92: =HYPERLINK("https://www.youtube.com/watch?v=dVterVQksD4","1. Leg Press") -> 1. Leg Press
A94: SET | B94: WEIGHT | C94: REPS | D94: REST | E94: REP LOG
A95: Set 1 | B95: 100 | C95: 10 | D95: 2 MIN
A96: Set 2 | B96: 130 | C96: 10 | D96: 2 MIN
A99: Set 3 | B99: 160 | C99: 10 | D99: 2 MIN
A100: Set 4 | B100: 190 | C100: 10 | D100: 2 MIN
A101: Set 5 | B101: 220 | C101: 10 | D101: 2 MIN
A102: Set 6 | B102: 250 | C102: 10 | D102: 2 MIN
A103: Set 7 | B103: 280 | C103: 10 | D103: 2 MIN
A104: Set 8 | B104: 310 | C104: 10 | D104: 2 MIN
A105: Set 9 | B105: 340 | C105: 10 | D105: 2 MIN
A106: Set 10 | B106: 370 | C106: 10 | D106: 2 MIN
A107: Set 11 | B107: 400 | C107: 10 | D107: 2 MIN
A108: INSERT FINAL MAX | E108: 130
A111: =HYPERLINK("https://www.youtube.com/watch?v=NZ9KiFtbiMs","2. Leg Extension") -> 2. Leg Extension
A112: SET | B112: WEIGHT | C112: REPS | D112: REST | E112: REP LOG
A113: Set 1 | B113: 50 | C113: 10 | D113: 2 MIN
A114: Set 2 | B114: 70 | C114: 10 | D114: 2 MIN
A115: Set 3 | B115: 80 | C115: 10 | D115: 2 MIN
A116: Set 4 | B116: 100 | C116: 10 | D116: 2 MIN
A117: Set 5 | B117: 120 | C117: 10 | D117: 2 MIN
A118: Set 6 | B118: 140 | C118: 10 | D118: 2 MIN
A119: Set 7 | B119: 160 | C119: 10 | D119: 2 MIN
A120: Set 8 | B120: 180 | C120: 10 | D120: 2 MIN
A121: Set 9 | B121: 200 | C121: 10 | D121: 2 MIN
A122: Set 10 | B122: 220 | C122: 10 | D122: 2 MIN
A123: Set 11 | B123: 240 | C123: 10 | D123: 2 MIN
A124: INSERT FINAL MAX | E124: 86
A126: =HYPERLINK("https://www.youtube.com/watch?v=XepOfsnGFJg","3. Leg Curl") -> 3. Leg Curl
...

Sheet Week 1 MASTER SHEET
A9: Week 1 | H9: QUICK TIPS
A10: =HYPERLINK("https://goo.gl/forms/3ibooB993Hi7SS2d2","PRESS TO RECORD BODY WEIGHT") -> PRESS TO RECORD BODY WEIGHT | H10: You only Log What's in GREEN
H11: Click The Title of The workout to see an Instructional Video
A12: This Weeks Goals
A13: This week we are going to jump you into a workout. As the weeks go on we will refine your workout more and it will become more targeted. Give it all you got and push to your limits everytime.
A15: DAY 1 | H15: ALTERNATE WORKOUTS | O15: ALTERNATE WORKOUTS
A18: CHEST & BACK | H18: CHEST & BACK | O18: CHEST & BACK
A19: =HYPERLINK("https://www.youtube.com/watch?v=iLgUDezDMbU","1. BENCH PRESS") -> 1. BENCH PRESS | H19: =HYPERLINK("https://www.youtube.com/watch?v=75e_H9Vq_Lw","1. MACHINE PRESS") -> 1. MACHINE PRESS | O19: =HYPERLINK("https://youtu.be/ujVN-A0Z-ic","1. DUMBBELL INCLINE PRESS") -> 1. DUMBBELL INCLINE PRESS
A20: CURRENT MAX | B20: ='DETERMINING MAX WEEK'!E31 -> 245 | H20: CURRENT MAX | I20: 120 | O20: CURRENT MAX | P20: 75
A21: SET | B21: WEIGHT | C21: REPS | D21: REST | E21: PREVIOUS | F21: REP LOG | H21: SET | I21: WEIGHT | J21: REPS | K21: REST | L21: PREVIOUS | M21: REP LOG | O21: SET | P21: WEIGHT | Q21: REPS | R21: REST | S21: PREVIOUS | T21: REP LOG
A22: 1 | B22: =IF( 'WEEK 1 '!B20<125,45,mround('WEEK 1 '!B20*0.35,5)) -> 45 | C22: 6 | D22: 30s | H22: 1 | I22: =mround('WEEK 1 '!I20*0.35,5) -> 0 | J22: 6 | K22: 30s | O22: 1 | P22: =mround('WEEK 1 '!P20*0.35,5) -> 25 | Q22: 6 | R22: 1 MIN
A23: 2 | B23: =MROUND('WEEK 1 '!B20*0.8,5) -> 80 | C23: 1 | D23: 1-2 MIN | H23: 2 | I23: =mround('WEEK 1 '!I20*0.65,5) -> 0 | J23: 1 | K23: 1-2 MIN | O23: 2 | P23: =mround('WEEK 1 '!P20*0.65,5) -> 50 | Q23: 1 | R23: 1 MIN
A24: 3 | B24: =mround('WEEK 1 '!B20*0.9,5) -> 90 | C24: 1 | D24: 1-2 MIN | H24: 3 | I24: =mround('WEEK 1 '!I20*0.9,5) -> 0 | J24: 1 | K24: 1-2 MIN | O24: 3 | P24: =mround('WEEK 1 '!P20*0.85,5) -> 65 | Q24: 1 | R24: 1 MIN | V24: =90*0.93 -> 83.7
A25: 4 | B25: ='WEEK 1 '!B20 -> 100 | C25: 1 | D25: 1-5 MIN | H25: 4 | I25: ='WEEK 1 '!I20 | J25: 1 | K25: 1-5 MIN | O25: 4 | P25: =mround('WEEK 1 '!P20*1,5) -> 75 | Q25: REP OUT | R25: 1 MIN
A26: =IF('WEEK 1 '!F25<1,"PROCEED TO DOWN SETS","NEW 1 REP MAX ATTEMPT") -> NEW 1 REP MAX ATTEMPT | G26: ALTERNATE | H26: =IF('WEEK 1 '!M25<1,"PROCEED TO DOWN SETS","NEW 1 REP MAX ATTEMPT") -> PROCEED TO DOWN SETS | N26: ALTERNATE | O26: =IF(OR(ISBLANK('WEEK 1 '!T25),ISBLANK('WEEK 1 '!T24),ISBLANK('WEEK 1 '!T23)),"PROCEED TO DOWNSETS",if('WEEK 1 '!T25>=6,"NEW 4 REP MAX ATTEMPT","PROCEED TO DOWN SETS")) -> NEW 4 REP MAX ATTEMPT
A27: =if('WEEK 1 '!F25<1,"",5) -> 5 | B27: =IF('WEEK 1 '!F25<1,"",B25+5) -> 105 | C27: =if('WEEK 1 '!F25<1,"",1) -> 1 | D27: =if('WEEK 1 '!F25<1,"","1-5 MIN") -> 1-5 MIN | H27: =if('WEEK 1 '!M25<1,"",5) | I27: =IF('WEEK 1 '!M25<1,"",I25+5) | J27: =if('WEEK 1 '!M25<1,"",1) | K27: =if('WEEK 1 '!M25<1,"","1-5 MIN") | O27: =IF(OR(ISBLANK('WEEK 1 '!T25),ISBLANK('WEEK 1 '!T24),ISBLANK('WEEK 1 '!T23)),"",IF('WEEK 1 '!T25>=6,5,"")) -> 5 | P27: =IF(OR(ISBLANK('WEEK 1 '!T25),ISBLANK('WEEK 1 '!T24),ISBLANK('WEEK 1 '!T23)),"",IF('WEEK 1 '!T25>=6,'WEEK 1 '!P20+5,"")) -> 80 | Q27: =IF(OR(ISBLANK('WEEK 1 '!T25),ISBLANK('WEEK 1 '!T24),ISBLANK('WEEK 1 '!T23)),"",IF('WEEK 1 '!T25>=6,"REP OUT","")) -> REP OUT | R27: =IF(OR(ISBLANK('WEEK 1 '!T25),ISBLANK('WEEK 1 '!T24),ISBLANK('WEEK 1 '!T23)),"",IF('WEEK 1 '!T25>5,"1 MIN","")) -> 1 MIN
A28: =IF('WEEK 1 '!F27<1,"","6") | B28: =IF('WEEK 1 '!F27<1,"",B27+5) | C28: =IF('WEEK 1 '!F27<1,"","1") | D28: =IF('WEEK 1 '!F27<1,"","1-5 MIN") | H28: =IF('WEEK 1 '!M27<1,"","6") | I28: =IF('WEEK 1 '!M27<1,"",I27+5) | J28: =IF('WEEK 1 '!M27<1,"","1") | K28: =IF('WEEK 1 '!M27<1,"","1-5 MIN") | O28: =IF(OR(ISBLANK('WEEK 1 '!T25),ISBLANK('WEEK 1 '!T24),ISBLANK('WEEK 1 '!T23)),"FILL OUT REP LOG FIRST","DOWN SETS") -> DOWN SETS
A29: =IF(OR(ISBLANK('WEEK 1 '!F25),ISBLANK('WEEK 1 '!F24),ISBLANK('WEEK 1 '!F23)),"FILL OUT REP LOG FOR DOWN SETS","DOWN SETS") -> DOWN SETS | H29: =IF(OR(ISBLANK('WEEK 1 '!M25),ISBLANK('WEEK 1 '!M24),ISBLANK('WEEK 1 '!M23)),"FILL OUT REP LOG FOR DOWN SETS","DOWN SETS") -> FILL OUT REP LOG FOR DOWN SETS | O29: =IF('WEEK 1 '!T27>=4,"",IF(OR(ISBLANK('WEEK 1 '!T25),ISBLANK('WEEK 1 '!T24),ISBLANK('WEEK 1 '!T23)),"",IF('WEEK 1 '!T25>5,6,5))) -> 6 | P29: =IF('WEEK 1 '!T27>=4,"",IF(OR(ISBLANK('WEEK 1 '!T25),ISBLANK('WEEK 1 '!T24),ISBLANK('WEEK 1 '!T23)),"",IF('WEEK 1 '!T25<6,mround('WEEK 1 '!P20*0.8,5),IF('WEEK 1 '!T25<10,mround('WEEK 1 '!P20*0.93,5),mround('WEEK 1 '!P20*0.7,5))))) -> 70 | Q29: =IF('WEEK 1 '!T27>=4,"",IF(OR(ISBLANK('WEEK 1 '!T25),ISBLANK('WEEK 1 '!T24),ISBLANK('WEEK 1 '!T23)),"","REP OUT")) -> REP OUT | R29: =IF('WEEK 1 '!T27>=4,"",IF(OR(ISBLANK('WEEK 1 '!T25),ISBLANK('WEEK 1 '!T24),ISBLANK('WEEK 1 '!T23)),"","1 MIN")) -> 1 MIN | V29: =0.7*85 -> 59.5
A30: =IF(OR(ISBLANK('WEEK 1 '!F25),ISBLANK('WEEK 1 '!F24),ISBLANK('WEEK 1 '!F23)),"",IF((AND(A27="",A28="")),5,IF((AND(A27>1,A28="")),6,7))) -> 6 | B30: =IF(OR(ISBLANK('WEEK 1 '!F25),ISBLANK('WEEK 1 '!F24),ISBLANK('WEEK 1 '!F23)),"",MROUND('WEEK 1 '!B32*0.9,5)) -> 90 | C30: =IF(OR(ISBLANK('WEEK 1 '!F25),ISBLANK('WEEK 1 '!F24),ISBLANK('WEEK 1 '!F23)),"","REP OUT") -> REP OUT | D30: =IF(OR(ISBLANK('WEEK 1 '!F25),ISBLANK('WEEK 1 '!F24),ISBLANK('WEEK 1 '!F23)),"","1-3 MIN") -> 1-3 MIN | H30: =IF(OR(ISBLANK('WEEK 1 '!M25),ISBLANK('WEEK 1 '!M24),ISBLANK('WEEK 1 '!M23)),"",IF((AND(H27="",H28="")),5,IF((AND(H27>1,H28="")),6,7))) | I30: =IF(OR(ISBLANK('WEEK 1 '!M25),ISBLANK('WEEK 1 '!M24),ISBLANK('WEEK 1 '!M23)),"",MROUND('WEEK 1 '!I32*0.9,5)) | J30: =IF(OR(ISBLANK('WEEK 1 '!M25),ISBLANK('WEEK 1 '!M24),ISBLANK('WEEK 1 '!M23)),"","REP OUT") | K30: =IF(OR(ISBLANK('WEEK 1 '!M25),ISBLANK('WEEK 1 '!M24),ISBLANK('WEEK 1 '!M23)),"","1-3 MIN") | O30: =IF('WEEK 1 '!T27>=4,"",IF(OR(ISBLANK('WEEK 1 '!T25),ISBLANK('WEEK 1 '!T24),ISBLANK('WEEK 1 '!T23)),"",IF('WEEK 1 '!T25>5,7,6))) -> 7 | P30: =IF('WEEK 1 '!T27>=4,"",IF(OR(ISBLANK('WEEK 1 '!T25),ISBLANK('WEEK 1 '!T24),ISBLANK('WEEK 1 '!T23)),"",IF('WEEK 1 '!T25<6,mround('WEEK 1 '!P20*0.65,5),IF('WEEK 1 '!T25<10,mround('WEEK 1 '!P20*0.7,5),mround('WEEK 1 '!P20*0.65,5))))) -> 55 | Q30: =IF('WEEK 1 '!T27>=4,"",IF(OR(ISBLANK('WEEK 1 '!T25),ISBLANK('WEEK 1 '!T24),ISBLANK('WEEK 1 '!T23)),"","REP OUT")) -> REP OUT | R30: =IF('WEEK 1 '!T27>=4,"",IF(OR(ISBLANK('WEEK 1 '!T25),ISBLANK('WEEK 1 '!T24),ISBLANK('WEEK 1 '!T23)),"","1 MIN")) -> 1 MIN
A31: =IF(OR(ISBLANK('WEEK 1 '!F25),ISBLANK('WEEK 1 '!F24),ISBLANK('WEEK 1 '!F23)),"",IF((AND(A27="",A28="")),6,IF((AND(A27>1,A28="")),7,8))) -> 7 | B31: =IF(OR(ISBLANK('WEEK 1 '!F25),ISBLANK('WEEK 1 '!F24),ISBLANK('WEEK 1 '!F23)),"",mround('WEEK 1 '!B32*0.78,5)) -> 80 | C31: =IF(OR(ISBLANK('WEEK 1 '!F25),ISBLANK('WEEK 1 '!F24),ISBLANK('WEEK 1 '!F23)),"","REP OUT") -> REP OUT | D31: =IF(OR(ISBLANK('WEEK 1 '!F25),ISBLANK('WEEK 1 '!F24),ISBLANK('WEEK 1 '!F23)),"","1-3 MIN") -> 1-3 MIN | H31: =IF(OR(ISBLANK('WEEK 1 '!M25),ISBLANK('WEEK 1 '!M24),ISBLANK('WEEK 1 '!M23)),"",IF((AND(H27="",H28="")),6,IF((AND(H27>1,H28="")),7,8))) | I31: =IF(OR(ISBLANK('WEEK 1 '!M25),ISBLANK('WEEK 1 '!M24),ISBLANK('WEEK 1 '!M23)),"",mround('WEEK 1 '!I32*0.78,5)) | J31: =IF(OR(ISBLANK('WEEK 1 '!M25),ISBLANK('WEEK 1 '!M24),ISBLANK('WEEK 1 '!M23)),"","REP OUT") | K31: =IF(OR(ISBLANK('WEEK 1 '!M25),ISBLANK('WEEK 1 '!M24),ISBLANK('WEEK 1 '!M23)),"","1-3 MIN") | O31: =IF('WEEK 1 '!T27<4,"",IF(OR(ISBLANK('WEEK 1 '!T25),ISBLANK('WEEK 1 '!T24),ISBLANK('WEEK 1 '!T23)),"",IF('WEEK 1 '!T27>3,6,5))) | P31: =IF('WEEK 1 '!T27<4,"",IF(OR(ISBLANK('WEEK 1 '!T25),ISBLANK('WEEK 1 '!T24),ISBLANK('WEEK 1 '!T23)),"",IF('WEEK 1 '!T27<6,mround('WEEK 1 '!P33*0.8,5),IF('WEEK 1 '!T27<10,mround('WEEK 1 '!P33*0.93,5),mround('WEEK 1 '!P33*0.7,5))))) | Q31: =IF('WEEK 1 '!T27<4,"",IF(OR(ISBLANK('WEEK 1 '!T25),ISBLANK('WEEK 1 '!T24),ISBLANK('WEEK 1 '!T23)),"","REP OUT")) | R31: =IF('WEEK 1 '!T27<4,"",IF(OR(ISBLANK('WEEK 1 '!T25),ISBLANK('WEEK 1 '!T24),ISBLANK('WEEK 1 '!T23)),"","1 MIN"))
A32: FINAL MAX | B32: =IF(OR(ISBLANK('WEEK 1 '!F25),ISBLANK('WEEK 1 '!F24),ISBLANK('WEEK 1 '!F23)),"",IF('WEEK 1 '!F28>=1,'WEEK 1 '!B28,IF('WEEK 1 '!F27>=1,'WEEK 1 '!B27,IF('WEEK 1 '!F25<1,'WEEK 1 '!B25-5,'WEEK 1 '!B25)))) -> 100 | H32: FINAL MAX | I32: =IF(OR(ISBLANK('WEEK 1 '!M25),ISBLANK('WEEK 1 '!M24),ISBLANK('WEEK 1 '!M23)),"",IF('WEEK 1 '!M28>=1,'WEEK 1 '!I28,IF('WEEK 1 '!M27>=1,'WEEK 1 '!I27,IF('WEEK 1 '!M25<1,'WEEK 1 '!I25-5,'WEEK 1 '!I25)))) | O32: =IF('WEEK 1 '!T27<4,"",IF(OR(ISBLANK('WEEK 1 '!T25),ISBLANK('WEEK 1 '!T24),ISBLANK('WEEK 1 '!T23)),"",IF('WEEK 1 '!T27>3,7,""))) | P32: =IF('WEEK 1 '!T27<4,"",IF(OR(ISBLANK('WEEK 1 '!T25),ISBLANK('WEEK 1 '!T24),ISBLANK('WEEK 1 '!T23)),"",IF('WEEK 1 '!T27<6,mround('WEEK 1 '!P33*0.65,5),IF('WEEK 1 '!T27<10,mround('WEEK 1 '!P33*0.7,5),mround('WEEK 1 '!P33*0.65,5))))) | Q32: =IF('WEEK 1 '!T27<4,"",IF(OR(ISBLANK('WEEK 1 '!T25),ISBLANK('WEEK 1 '!T24),ISBLANK('WEEK 1 '!T23)),"","REP OUT")) | R32: =IF('WEEK 1 '!T27<4,"",IF(OR(ISBLANK('WEEK 1 '!T25),ISBLANK('WEEK 1 '!T24),ISBLANK('WEEK 1 '!T23)),"","1 MIN"))
O33: FINAL MAX | P33: =IF(OR(ISBLANK('WEEK 1 '!T23),ISBLANK('WEEK 1 '!T24),ISBLANK('WEEK 1 '!T25)),"",IF('WEEK 1 '!T27>=4,'WEEK 1 '!P27,IF('WEEK 1 '!T25<=3,'WEEK 1 '!P25-5,'WEEK 1 '!P25))) -> 75
A34: =IF(B35<5,"SKIP TO NEXT WORKOUT",HYPERLINK("https://www.youtube.com/watch?v=mGv8D2DGyNQ","2.DB CHEST FLY")) -> 2.DB CHEST FLY | H34: =HYPERLINK("https://www.youtube.com/watch?v=THb0dhfIu1k","2. MACHINE CHEST FLY") -> 2. MACHINE CHEST FLY
A35: DBL INC MAX | B35: 30 | G35: ALTERNATE | H35: DBL INC MAX | I35: ='WEEK 1 '!B35 -> 30
A36: SET | B36: WEIGHT | C36: REPS | D36: REST | E36: PREVIOUS | F36: REP LOG | H36: SET | I36: WEIGHT | J36: REPS | K36: REST | L36: PREVIOUS | M36: REP LOG
A37: 1 | B37: =mround(B35*0.29,2.5) -> 7.5 | C37: 15 | D37: 1 - 2 MIN | H37: 1 | I37: =mround('WEEK 1 '!I35*2*0.75,10) -> 110 | J37: 15 | K37: 1 - 2 MIN
A38: 2 | B38: =mround(B35*0.29,2.5) -> 7.5 | C38: 15 | D38: 1 - 2 MIN | H38: 2 | I38: =mround('WEEK 1 '!I35*2*0.75,10) -> 110 | J38: 15 | K38: 1 - 2 MIN
A41: =HYPERLINK("https://www.youtube.com/watch?v=PnaDzYh2axA","3. LAT PULL DOWN") -> 3. LAT PULL DOWN
A42: CURRENT MAX | B42: 100
A43: SET | B43: WEIGHT | C43: REPS | D43: REST | E43: PREVIOUS | F43: REP LOG
A44: 1 | B44: =mround('WEEK 1 '!B42*0.35,5) -> 90 | C44: 6 | D44: 30s
A45: 2 | B45: =mround('WEEK 1 '!B42*0.65,5) -> 165 | C45: 3 | D45: 1-2 MIN
A46: 3 | B46: =mround('WEEK 1 '!B42*0.9,5) -> 230 | C46: 2 | D46: 1-2 MIN
A47: 4 | B47: ='WEEK 1 '!B42 -> 255 | C47: 3 | D47: 1-5 MIN
A48: =IF('WEEK 1 '!F47<3,"PROCEED TO DOWN SETS","NEW 4 REP MAX ATTEMPT") -> NEW 4 REP MAX ATTEMPT
A49: =if('WEEK 1 '!F47<=2,"",5) -> 5 | B49: =IF('WEEK 1 '!F47<=2,"",B47+5) -> 260 | C49: =if('WEEK 1 '!F47<=2,"",4) -> 4 | D49: =if('WEEK 1 '!F47<=2,"","1-5 MIN") -> 1-5 MIN
A50: =IF('WEEK 1 '!F49<4,"","6") -> 6 | B50: =IF('WEEK 1 '!F49<4,"",B49+5) -> 265 | C50: =IF('WEEK 1 '!F49<4,"","4") -> 4 | D50: =IF('WEEK 1 '!F49<4,"","1-5 MIN") -> 1-5 MIN
A51: =IF(OR(ISBLANK('WEEK 1 '!F47),ISBLANK('WEEK 1 '!F46),ISBLANK('WEEK 1 '!F45)),"FILL OUT REP LOG FOR DOWN SETS","DOWN SETS") -> DOWN SETS
A52: =IF(OR(ISBLANK('WEEK 1 '!F47),ISBLANK('WEEK 1 '!F46),ISBLANK('WEEK 1 '!F45)),"",IF((AND(A49="",A50="")),5,IF((AND(A49>1,A50="")),6,7))) -> 7 | B52: =MROUND('WEEK 1 '!B54*0.8,5) -> 210 | C52: REP OUT | D52: 1-3 MIN
A53: =IF(OR(ISBLANK('WEEK 1 '!F47),ISBLANK('WEEK 1 '!F46),ISBLANK('WEEK 1 '!F45)),"",IF((AND(A49="",A50="")),6,IF((AND(A49>1,A50="")),7,8))) -> 8 | B53: =mround('WEEK 1 '!B54*0.7,5) -> 180 | C53: REP OUT | D53: 1-3 MIN
A54: FINAL MAX | B54: =IF(OR(ISBLANK('WEEK 1 '!F47),ISBLANK('WEEK 1 '!F46),ISBLANK('WEEK 1 '!F45)),"",IF('WEEK 1 '!F50>=4,'WEEK 1 '!B50,IF('WEEK 1 '!F49>=4,'WEEK 1 '!B49,IF('WEEK 1 '!F47<3,'WEEK 1 '!B47-5,'WEEK 1 '!B47)))) -> 260
A57: =HYPERLINK("https://www.youtube.com/watch?v=9YH1YvZbiY0","4. MACHINE LOW ROW") -> 4. MACHINE LOW ROW
A58: CURRENT MAX | B58: 100
A59: SET | B59: WEIGHT | C59: REPS | D59: REST | E59: PREVIOUS | F59: REP LOG | G59: ALTERNATE
A60: 1 | B60: =mround('WEEK 1 '!B58*0.9,5) -> 185 | C60: REP OUT | D60: 1 MIN
A61: 2 | B61: =IF('WEEK 1 '!F60<6,MROUND('WEEK 1 '!B58*0.75,5),IF('WEEK 1 '!F60<=11,MROUND('WEEK 1 '!B58*0.85,5),'WEEK 1 '!B60)) -> 175 | C61: REP OUT | D61: 1 MIN
A62: 3 | B62: =IF('WEEK 1 '!F61<6,MROUND('WEEK 1 '!B61*0.8,5),IF('WEEK 1 '!F61<=11,MROUND('WEEK 1 '!B58*0.85,5),'WEEK 1 '!B61)) -> 175 | C62: REP OUT | D62: 1 MIN
A65: =HYPERLINK("https://youtu.be/5-SUS-OVULY","5. MACHINE HIGH ROW") -> 5. MACHINE HIGH ROW
A66: CURRENT MAX | B66: 100
A67: SET | B67: WEIGHT | C67: REPS | D67: REST | E67: PREVIOUS | F67: REP LOG
A68: 1 | B68: =mround('WEEK 1 '!B66*0.85,5) -> 50 | C68: REP OUT | D68: 1 MIN
A69: 2 | B69: =IF('WEEK 1 '!F68<6,MROUND('WEEK 1 '!B66*0.75,5),IF('WEEK 1 '!F68<=11,MROUND('WEEK 1 '!B66*0.8,5),'WEEK 1 '!B68)) -> 50 | C69: REP OUT | D69: 1 MIN
A70: 3 | B70: =IF('WEEK 1 '!F69<6,MROUND('WEEK 1 '!B69*0.8,5),IF('WEEK 1 '!F69<=11,MROUND('WEEK 1 '!B66*0.85,5),'WEEK 1 '!B69)) -> 50 | C70: REP OUT | D70: 1 MIN
A72: =HYPERLINK("https://docs.google.com/a/fitnessresults.com/forms/d/e/1FAIpQLSd7MoczESe8Yjv6BKpmwAZGn9Aiymrs9-UdgfYIUpbr9t5NXg/viewform?usp=pp_url&entry.93370101","CLICK TO COMPLETE WORKOUT") -> CLICK TO COMPLETE WORKOUT
A74: DAY 2
A76: LEGS
A77: =HYPERLINK("https://www.youtube.com/watch?v=ZjpkMnGZjTQ"," SISSY SQUATS") -> SISSY SQUATS
A78: SET | B78: WEIGHT | C78: REPS | D78: REST | E78: PREVIOUS | F78: REP LOG
A79: 1 | B79: BODY | C79: 10 | D79: 1-2 MIN
A80: 2 | B80: BODY | C80: 10 | D80: 1-2 MIN
A83: =HYPERLINK("https://www.youtube.com/watch?v=dVterVQksD4","1. LEG PRESS") -> 1. LEG PRESS
A84: CURRENT MAX | B84: 100
A85: SET | B85: WEIGHT | C85: REPS | D85: REST | E85: PREVIOUS | F85: REP LOG
A86: 1 | B86: =mround('WEEK 1 '!B84*0.35,5) -> 45 | C86: 20 | D86: 1-2 MIN
A87: 2 | B87: =mround('WEEK 1 '!B84*0.5,5) -> 65 | C87: 20 | D87: 1-2 MIN
A88: 3 | B88: =mround('WEEK 1 '!B84*0.75,5) -> 100 | C88: 20 | D88: 1-2 MIN
A89: 4 | B89: =mround('WEEK 1 '!B84*1,5) -> 130 | C89: 20 | D89: 1-2 MIN
A92: =HYPERLINK("https://youtu.be/NZ9KiFtbiMs","2. LEG EXTENSION") -> 2. LEG EXTENSION
A93: CURRENT MAX | B93: 100
A94: SET | B94: WEIGHT | C94: REPS | D94: REST | E94: PREVIOUS | F94: REP LOG
A95: 1 | B95: =mround('WEEK 1 '!B93*1.05,5) -> 90 | C95: REP OUT | D95: 1 MIN
A96: 2 | B96: =if('WEEK 1 '!F95<8,mround('WEEK 1 '!B95*0.9,5),IF('WEEK 1 '!F95<=14,MROUND('WEEK 1 '!B95*0.95,5),'WEEK 1 '!B95)) -> 80 | C96: REP OUT | D96: 1 MIN
A97: 3 | B97: =if('WEEK 1 '!F96<8,mround('WEEK 1 '!B96*0.8,5),IF('WEEK 1 '!F96<=14,MROUND('WEEK 1 '!B96*0.95,5),'WEEK 1 '!B96)) -> 75 | C97: REP OUT | D97: 1 MIN
A100: =HYPERLINK("https://youtu.be/XepOfsnGFJg","3. LEG CURL") -> 3. LEG CURL | H100: =HYPERLINK("https://youtu.be/kmN9cJ79PDE","4. PRONE LEG CURL") -> 4. PRONE LEG CURL
A101: CURRENT MAX | B101: ='DETERMINING MAX WEEK'!E141 -> 100 | H101: CURRENT MAX | I101: =B101 -> 100
A102: SET | B102: WEIGHT | C102: REPS | D102: REST | E102: PREVIOUS | F102: REP LOG | H102: SET | I102: WEIGHT | J102: REPS | K102: REST | L102: PREVIOUS | M102: REP LOG
A103: 1 | B103: =mround('WEEK 1 '!B101*1.05,5) -> 105 | C103: REP OUT | D103: 1 MIN | G103: ALTERNATE | H103: 1 | I103: =mround('WEEK 1 '!I101*1.05,5) -> 105 | J103: REP OUT | K103: 1 MIN
A104: 2 | B104: =if('WEEK 1 '!F103<8,mround('WEEK 1 '!B103*0.95,5),IF('WEEK 1 '!F103<=14,MROUND('WEEK 1 '!B103*0.95,5),'WEEK 1 '!B103)) -> 100 | C104: REP OUT | D104: 1 MIN | H104: 2 | I104: =if('WEEK 1 '!M103<5,mround('WEEK 1 '!I103*0.8,5),IF('WEEK 1 '!M103<=10,MROUND('WEEK 1 '!I103*0.95,5),'WEEK 1 '!I103)) -> 85 | J104: REP OUT | K104: 1 MIN
A105: 3 | B105: =if('WEEK 1 '!F104<8,mround('WEEK 1 '!B104*0.8,5),IF('WEEK 1 '!F104<=14,MROUND('WEEK 1 '!B104*0.95,5),'WEEK 1 '!B104)) -> 95 | C105: REP OUT | D105: 1 MIN | H105: 3 | I105: =if('WEEK 1 '!M104<4,mround('WEEK 1 '!I104*0.8,5),IF('WEEK 1 '!M104<=10,MROUND('WEEK 1 '!I104*0.95,5),'WEEK 1 '!I104)) -> 70 | J105: REP OUT | K105: 1 MIN
H106: FINAL MAX | I106: =IF('WEEK 1 '!M103<10,'WEEK 1 '!I101,IF('WEEK 1 '!M104>=10,'WEEK 1 '!I104,'WEEK 1 '!I103)) -> 100
A109: DAY 3
H110: =HYPERLINK("https://www.youtube.com/watch?v=qrv8cCA-WCY","WATCH THIS BEFORE MACHINE PRESS") -> WATCH THIS BEFORE MACHINE PRESS
A112: SHOULDERS & ARMS | H112: SHOULDERS & ARMS
A113: =HYPERLINK("https://www.youtube.com/watch?v=rmxOkkd2hUk","1. SHOULDER PRESS") -> 1. SHOULDER PRESS | H113: =HYPERLINK("https://www.youtube.com/watch?v=-cSBPE-y38M","1.MACHINE SHOULDER PRESS") -> 1.MACHINE SHOULDER PRESS
A114: CURRENT MAX | B114: 100 | H114: SET | I114: WEIGHT | J114: REPS | K114: REST | L114: PREVIOUS | M114: REP LOG
A115: SET | B115: WEIGHT | C115: REPS | D115: REST | E115: PREVIOUS | F115: REP LOG | H115: 1 | I115: =MROUND('DETERMINING MAX WEEK'!E167*0.5,10) -> 40 | J115: 10 | K115: 1-5 MIN
A116: 1 | B116: =mround('WEEK 1 '!B114*0.35,5) -> 25 | C116: 6 | D116: 30s | H116: 2 | I116: =mround(I115+20,5) -> 60 | J116: 10 | K116: 1-5 MIN
A117: 2 | B117: =mround('WEEK 1 '!B114*0.65,5) -> 45 | C117: 1 | D117: 1-2 MIN | H117: 3 | I117: =mround(I116+20,5) -> 80 | J117: 10 | K117: 1-5 MIN
A118: 3 | B118: =mround('WEEK 1 '!B114*0.9,5) -> 65 | C118: 1 | D118: 1-2 MIN | H118: 4 | I118: =mround(I117+10,5) -> 90 | J118: 10 | K118: 1-5 MIN
A119: 4 | B119: ='WEEK 1 '!B114 -> 70 | C119: 1 | D119: 1-5 MIN | H119: 5 | I119: =mround(I118+10,5) -> 100 | J119: 10 | K119: 1-5 MIN
A120: =IF('WEEK 1 '!F119<1,"PROCEED TO DOWN SETS","NEW 4 REP MAX ATTEMPT") -> PROCEED TO DOWN SETS | H120: 6 | I120: =I119+10 -> 110 | J120: 10 | K120: 1-5 MIN
A121: =IF(OR(ISBLANK('WEEK 1 '!F119),ISBLANK('WEEK 1 '!F118),ISBLANK('WEEK 1 '!F117)), "",if('WEEK 1 '!F119<1,"",5)) | B121: =IF('WEEK 1 '!F119<1,"",'WEEK 1 '!B119+5) | C121: =if('WEEK 1 '!F119<1,"",4) | D121: =if('WEEK 1 '!F119<1,"","1-5 MIN") | H121: 7 | I121: =mround(I120+10,5) -> 120 | J121: 10 | K121: 1-5 MIN
A122: =IF(OR(ISBLANK('WEEK 1 '!F118),ISBLANK('WEEK 1 '!F119),ISBLANK('WEEK 1 '!F121)), "",IF('WEEK 1 '!F121<4,"","6")) | B122: =IF(OR(ISBLANK('WEEK 1 '!F118),ISBLANK('WEEK 1 '!F119),ISBLANK('WEEK 1 '!F121)), "",IF('WEEK 1 '!F121<4,"",'WEEK 1 '!B121+5)) | C122: =IF(OR(ISBLANK('WEEK 1 '!F118),ISBLANK('WEEK 1 '!F119),ISBLANK('WEEK 1 '!F121)), "",IF('WEEK 1 '!F121<4,"","4")) | D122: =IF(OR(ISBLANK('WEEK 1 '!F118),ISBLANK('WEEK 1 '!F119),ISBLANK('WEEK 1 '!F121)), "",IF('WEEK 1 '!F121<4,"","1-5 MIN")) | H122: INSERT MAX
A123: DOWN SETS
A124: =IF(OR(ISBLANK('WEEK 1 '!F119),ISBLANK('WEEK 1 '!F118),ISBLANK('WEEK 1 '!F117)),"",IF((AND(A121="",A122="")),5,IF((AND(A121>1,A122="")),6,7))) -> 5 | B124: =MROUND('WEEK 1 '!B126*0.9,5) -> 60 | C124: REP OUT | D124: 1-3 MIN
A125: =IF(OR(ISBLANK('WEEK 1 '!F119),ISBLANK('WEEK 1 '!F118),ISBLANK('WEEK 1 '!F117)),"",IF((AND(A121="",A122="")),6,IF((AND(A121>1,A122="")),7,8))) -> 6 | B125: =mround('WEEK 1 '!B126*0.78,5) -> 50 | C125: REP OUT | D125: 1-3 MIN
A126: FINAL MAX | B126: =IF(OR(ISBLANK('WEEK 1 '!F119),ISBLANK('WEEK 1 '!F118),ISBLANK('WEEK 1 '!F117)),"",IF('WEEK 1 '!F122>=1,'WEEK 1 '!B122,IF('WEEK 1 '!F121>=4,'WEEK 1 '!B121,IF('WEEK 1 '!F119<1,'WEEK 1 '!B119-5,'WEEK 1 '!B119)))) -> 65
A128: =HYPERLINK("https://www.youtube.com/watch?v=gxWVN6F_uxo","2. CABLE HIGH PULLEY ROW") -> 2. CABLE HIGH PULLEY ROW | H128: =HYPERLINK("https://youtu.be/0BaHgGyCFJY","2. MACHINE REAR DELT FLYS ") -> 2. MACHINE REAR DELT FLYS
A129: SHLDR PRSS MAX | B129: =B126 -> 65 | G129: ALTERNATE | H129: CURRENT MAX | I129: =B126 -> 65
A130: SET | B130: WEIGHT | C130: REPS | D130: REST | E130: PREVIOUS | F130: REP LOG | H130: SET | I130: WEIGHT | J130: REPS | K130: REST | L130: PREVIOUS | M130: REP LOG
...

Sheet Sheet75

Sheet WEEK 1 
A9: Week 1 | H9: QUICK TIPS
A10: ='Week 1 MASTER SHEET'!A10 -> PRESS TO RECORD BODY WEIGHT | H10: IF IT'S GREEN=NEEDS YOUR INPUT
H11: Click The Title of The workout to see an Instructional Video
A12: This Weeks Goals | G12: ='Week 1 MASTER SHEET'!H12
A13: This week we are going to jump you into a workout. As the weeks go on we will refine your workout more and it will become more targeted. Give it all you got and push to your limits everytime.
A14: SWIPE RIGHT FOR QUICK TIPS
A15: DAY 1 | H15: ALTERNATE WORKOUTS | O15: ='Week 1 MASTER SHEET'!O15 -> ALTERNATE WORKOUTS
A18: CHEST & BACK | H18: ='Week 1 MASTER SHEET'!H18 -> CHEST & BACK | O18: ='Week 1 MASTER SHEET'!O18 -> CHEST & BACK
A19: =HYPERLINK("https://www.youtube.com/watch?v=iLgUDezDMbU","1. BENCH PRESS") -> 1. BENCH PRESS | G19: ALTERNATE | H19: ='Week 1 MASTER SHEET'!H19 -> 1. MACHINE PRESS | O19: ='Week 1 MASTER SHEET'!O19 -> 1. DUMBBELL INCLINE PRESS
A20: CURRENT MAX | B20: 100 | H20: ='Week 1 MASTER SHEET'!H20 -> CURRENT MAX | I20: ='DETERMINING MAX WEEK'!S31 | O20: ='Week 1 MASTER SHEET'!O20 -> CURRENT MAX | P20: 75
A21: SET | B21: WEIGHT | C21: REPS | D21: REST | E21: PREVIOUS | F21: REP LOG | H21: ='Week 1 MASTER SHEET'!H21 -> SET | I21: ='Week 1 MASTER SHEET'!I21 -> WEIGHT | J21: ='Week 1 MASTER SHEET'!J21 -> REPS | K21: ='Week 1 MASTER SHEET'!K21 -> REST | L21: ='Week 1 MASTER SHEET'!L21 -> PREVIOUS | M21: REP LOG | O21: ='Week 1 MASTER SHEET'!O21 -> SET | P21: ='Week 1 MASTER SHEET'!P21 -> WEIGHT | Q21: ='Week 1 MASTER SHEET'!Q21 -> REPS | R21: ='Week 1 MASTER SHEET'!R21 -> REST | S21: ='Week 1 MASTER SHEET'!S21 -> PREVIOUS | T21: REP LOG
A22: ='Week 1 MASTER SHEET'!A22 -> 1 | B22: ='Week 1 MASTER SHEET'!B22 -> 45 | C22: ='Week 1 MASTER SHEET'!C22 -> 6 | D22: ='Week 1 MASTER SHEET'!D22 -> 30s | F22: 6 | H22: ='Week 1 MASTER SHEET'!H22 -> 1 | I22: ='Week 1 MASTER SHEET'!I22 -> 0 | J22: ='Week 1 MASTER SHEET'!J22 -> 6 | K22: ='Week 1 MASTER SHEET'!K22 -> 30s | L22: ='Week 1 MASTER SHEET'!L22 | O22: ='Week 1 MASTER SHEET'!O22 -> 1 | P22: ='Week 1 MASTER SHEET'!P22 -> 25 | Q22: ='Week 1 MASTER SHEET'!Q22 -> 6 | R22: ='Week 1 MASTER SHEET'!R22 -> 1 MIN | S22: ='Week 1 MASTER SHEET'!S22 | T22: 6
A23: ='Week 1 MASTER SHEET'!A23 -> 2 | B23: ='Week 1 MASTER SHEET'!B23 -> 80 | C23: ='Week 1 MASTER SHEET'!C23 -> 1 | D23: ='Week 1 MASTER SHEET'!D23 -> 1-2 MIN | E23: ='Week 1 MASTER SHEET'!E23 | F23: 1 | H23: ='Week 1 MASTER SHEET'!H23 -> 2 | I23: ='Week 1 MASTER SHEET'!I23 -> 0 | J23: ='Week 1 MASTER SHEET'!J23 -> 1 | K23: ='Week 1 MASTER SHEET'!K23 -> 1-2 MIN | L23: ='Week 1 MASTER SHEET'!L23 | O23: ='Week 1 MASTER SHEET'!O23 -> 2 | P23: ='Week 1 MASTER SHEET'!P23 -> 50 | Q23: ='Week 1 MASTER SHEET'!Q23 -> 1 | R23: ='Week 1 MASTER SHEET'!R23 -> 1 MIN | S23: ='Week 1 MASTER SHEET'!S23 | T23: 1
A24: ='Week 1 MASTER SHEET'!A24 -> 3 | B24: ='Week 1 MASTER SHEET'!B24 -> 90 | C24: ='Week 1 MASTER SHEET'!C24 -> 1 | D24: ='Week 1 MASTER SHEET'!D24 -> 1-2 MIN | E24: ='Week 1 MASTER SHEET'!E24 | F24: 1 | H24: ='Week 1 MASTER SHEET'!H24 -> 3 | I24: ='Week 1 MASTER SHEET'!I24 -> 0 | J24: ='Week 1 MASTER SHEET'!J24 -> 1 | K24: ='Week 1 MASTER SHEET'!K24 -> 1-2 MIN | L24: ='Week 1 MASTER SHEET'!L24 | O24: ='Week 1 MASTER SHEET'!O24 -> 3 | P24: ='Week 1 MASTER SHEET'!P24 -> 65 | Q24: ='Week 1 MASTER SHEET'!Q24 -> 1 | R24: ='Week 1 MASTER SHEET'!R24 -> 1 MIN | S24: ='Week 1 MASTER SHEET'!S24 | T24: 1
A25: ='Week 1 MASTER SHEET'!A25 -> 4 | B25: ='Week 1 MASTER SHEET'!B25 -> 100 | C25: ='Week 1 MASTER SHEET'!C25 -> 1 | D25: ='Week 1 MASTER SHEET'!D25 -> 1-5 MIN | E25: ='Week 1 MASTER SHEET'!E25 | F25: 1 | H25: ='Week 1 MASTER SHEET'!H25 -> 4 | I25: ='Week 1 MASTER SHEET'!I25 | J25: ='Week 1 MASTER SHEET'!J25 -> 1 | K25: ='Week 1 MASTER SHEET'!K25 -> 1-5 MIN | L25: ='Week 1 MASTER SHEET'!L25 | O25: ='Week 1 MASTER SHEET'!O25 -> 4 | P25: ='Week 1 MASTER SHEET'!P25 -> 75 | Q25: ='Week 1 MASTER SHEET'!Q25 -> REP OUT | R25: ='Week 1 MASTER SHEET'!R25 -> 1 MIN | S25: ='Week 1 MASTER SHEET'!S25 | T25: 6
A26: ='Week 1 MASTER SHEET'!A26 -> NEW 1 REP MAX ATTEMPT | H26: ='Week 1 MASTER SHEET'!H26 -> PROCEED TO DOWN SETS | O26: ='Week 1 MASTER SHEET'!O26 -> NEW 4 REP MAX ATTEMPT
A27: ='Week 1 MASTER SHEET'!A27 -> 5 | B27: ='Week 1 MASTER SHEET'!B27 -> 105 | C27: ='Week 1 MASTER SHEET'!C27 -> 1 | D27: ='Week 1 MASTER SHEET'!D27 -> 1-5 MIN | E27: ='Week 1 MASTER SHEET'!E27 | H27: ='Week 1 MASTER SHEET'!H27 | I27: ='Week 1 MASTER SHEET'!I27 | J27: ='Week 1 MASTER SHEET'!J27 | K27: ='Week 1 MASTER SHEET'!K27 | L27: ='Week 1 MASTER SHEET'!L27 | O27: ='Week 1 MASTER SHEET'!O27 -> 5 | P27: ='Week 1 MASTER SHEET'!P27 -> 80 | Q27: ='Week 1 MASTER SHEET'!Q27 -> REP OUT | R27: ='Week 1 MASTER SHEET'!R27 -> 1 MIN | S27: ='Week 1 MASTER SHEET'!S27 | T27: 3
A28: ='Week 1 MASTER SHEET'!A28 | B28: ='Week 1 MASTER SHEET'!B28 | C28: ='Week 1 MASTER SHEET'!C28 | D28: ='Week 1 MASTER SHEET'!D28 | E28: ='Week 1 MASTER SHEET'!E28 | H28: ='Week 1 MASTER SHEET'!H28 | I28: ='Week 1 MASTER SHEET'!I28 | J28: ='Week 1 MASTER SHEET'!J28 | K28: ='Week 1 MASTER SHEET'!K28 | O28: ='Week 1 MASTER SHEET'!O28 -> DOWN SETS
A29: ='Week 1 MASTER SHEET'!A29 -> DOWN SETS | H29: ='Week 1 MASTER SHEET'!H29 -> FILL OUT REP LOG FOR DOWN SETS | O29: ='Week 1 MASTER SHEET'!O29 -> 6 | P29: ='Week 1 MASTER SHEET'!P29 -> 70 | Q29: ='Week 1 MASTER SHEET'!Q29 -> REP OUT | R29: ='Week 1 MASTER SHEET'!R29 -> 1 MIN | S29: ='Week 1 MASTER SHEET'!S29 | T29: 6
A30: ='Week 1 MASTER SHEET'!A30 -> 6 | C30: ='Week 1 MASTER SHEET'!C30 -> REP OUT | D30: ='Week 1 MASTER SHEET'!D30 -> 1-3 MIN | E30: ='Week 1 MASTER SHEET'!E30 | H30: ='Week 1 MASTER SHEET'!H30 | I30: ='Week 1 MASTER SHEET'!I30 | J30: ='Week 1 MASTER SHEET'!J30 | K30: ='Week 1 MASTER SHEET'!K30 | L30: ='Week 1 MASTER SHEET'!L30 | O30: ='Week 1 MASTER SHEET'!O30 -> 7 | P30: ='Week 1 MASTER SHEET'!P30 -> 55 | Q30: ='Week 1 MASTER SHEET'!Q30 -> REP OUT | R30: ='Week 1 MASTER SHEET'!R30 -> 1 MIN | S30: ='Week 1 MASTER SHEET'!S30 | T30: 10
A31: ='Week 1 MASTER SHEET'!A31 -> 7 | B31: 185 | C31: ='Week 1 MASTER SHEET'!C31 -> REP OUT | D31: ='Week 1 MASTER SHEET'!D31 -> 1-3 MIN | E31: ='Week 1 MASTER SHEET'!E31 | H31: ='Week 1 MASTER SHEET'!H31 | I31: ='Week 1 MASTER SHEET'!I31 | J31: ='Week 1 MASTER SHEET'!J31 | K31: ='Week 1 MASTER SHEET'!K31 | L31: ='Week 1 MASTER SHEET'!L31 | O31: ='Week 1 MASTER SHEET'!O31 | P31: ='Week 1 MASTER SHEET'!P31 | Q31: ='Week 1 MASTER SHEET'!Q31 | R31: ='Week 1 MASTER SHEET'!R31 | S31: ='Week 1 MASTER SHEET'!S31
A32: ='Week 1 MASTER SHEET'!A32 -> FINAL MAX | B32: ='Week 1 MASTER SHEET'!B32 -> 100 | H32: ='Week 1 MASTER SHEET'!H32 -> FINAL MAX | I32: ='Week 1 MASTER SHEET'!I32 | O32: ='Week 1 MASTER SHEET'!O32 | P32: ='Week 1 MASTER SHEET'!P32 | Q32: ='Week 1 MASTER SHEET'!Q32 | R32: ='Week 1 MASTER SHEET'!R32 | S32: ='Week 1 MASTER SHEET'!S32
O33: ='Week 1 MASTER SHEET'!O33 -> FINAL MAX | P33: ='Week 1 MASTER SHEET'!P33 -> 75
A34: ='Week 1 MASTER SHEET'!A34 -> 2.DB CHEST FLY | G34: ALTERNATE | H34: ='Week 1 MASTER SHEET'!H34 -> 2. MACHINE CHEST FLY
A35: ='Week 1 MASTER SHEET'!A35 -> DBL INC MAX | B35: 30 | H35: ='Week 1 MASTER SHEET'!H35 -> DBL INC MAX | I35: 75
A36: ='Week 1 MASTER SHEET'!A36 -> SET | B36: ='Week 1 MASTER SHEET'!B36 -> WEIGHT | C36: ='Week 1 MASTER SHEET'!C36 -> REPS | D36: ='Week 1 MASTER SHEET'!D36 -> REST | E36: ='Week 1 MASTER SHEET'!E36 -> PREVIOUS | F36: REP LOG | H36: ='Week 1 MASTER SHEET'!H36 -> SET | I36: ='Week 1 MASTER SHEET'!I36 -> WEIGHT | J36: ='Week 1 MASTER SHEET'!J36 -> REPS | K36: ='Week 1 MASTER SHEET'!K36 -> REST | L36: ='Week 1 MASTER SHEET'!L36 -> PREVIOUS | M36: REP LOG
A37: ='Week 1 MASTER SHEET'!A37 -> 1 | B37: ='Week 1 MASTER SHEET'!B37 -> 7.5 | C37: ='Week 1 MASTER SHEET'!C37 -> 15 | D37: ='Week 1 MASTER SHEET'!D37 -> 1 - 2 MIN | E37: ='Week 1 MASTER SHEET'!E37 | F37: 15 | H37: ='Week 1 MASTER SHEET'!H37 -> 1 | I37: ='Week 1 MASTER SHEET'!I37 -> 110 | J37: ='Week 1 MASTER SHEET'!J37 -> 15 | K37: ='Week 1 MASTER SHEET'!K37 -> 1 - 2 MIN | L37: ='Week 1 MASTER SHEET'!L37
A38: ='Week 1 MASTER SHEET'!A38 -> 2 | B38: ='Week 1 MASTER SHEET'!B38 -> 7.5 | C38: ='Week 1 MASTER SHEET'!C38 -> 15 | D38: ='Week 1 MASTER SHEET'!D38 -> 1 - 2 MIN | E38: ='Week 1 MASTER SHEET'!E38 | F38: 15 | H38: ='Week 1 MASTER SHEET'!H38 -> 2 | I38: ='Week 1 MASTER SHEET'!I38 -> 110 | J38: ='Week 1 MASTER SHEET'!J38 -> 15 | K38: ='Week 1 MASTER SHEET'!K38 -> 1 - 2 MIN | L38: ='Week 1 MASTER SHEET'!L38
A41: ='Week 1 MASTER SHEET'!A41 -> 3. LAT PULL DOWN
A42: ='Week 1 MASTER SHEET'!A42 -> CURRENT MAX | B42: 255
A43: ='Week 1 MASTER SHEET'!A43 -> SET | B43: ='Week 1 MASTER SHEET'!B43 -> WEIGHT | C43: ='Week 1 MASTER SHEET'!C43 -> REPS | D43: ='Week 1 MASTER SHEET'!D43 -> REST | E43: ='Week 1 MASTER SHEET'!E43 -> PREVIOUS | F43: REP LOG
A44: ='Week 1 MASTER SHEET'!A44 -> 1 | B44: ='Week 1 MASTER SHEET'!B44 -> 90 | C44: ='Week 1 MASTER SHEET'!C44 -> 6 | D44: ='Week 1 MASTER SHEET'!D44 -> 30s | E44: ='Week 1 MASTER SHEET'!E44 | F44: 6
A45: ='Week 1 MASTER SHEET'!A45 -> 2 | B45: ='Week 1 MASTER SHEET'!B45 -> 165 | C45: ='Week 1 MASTER SHEET'!C45 -> 3 | D45: ='Week 1 MASTER SHEET'!D45 -> 1-2 MIN | E45: ='Week 1 MASTER SHEET'!E45 | F45: 3
A46: ='Week 1 MASTER SHEET'!A46 -> 3 | B46: ='Week 1 MASTER SHEET'!B46 -> 230 | C46: ='Week 1 MASTER SHEET'!C46 -> 2 | D46: ='Week 1 MASTER SHEET'!D46 -> 1-2 MIN | E46: ='Week 1 MASTER SHEET'!E46 | F46: 2
A47: ='Week 1 MASTER SHEET'!A47 -> 4 | B47: ='Week 1 MASTER SHEET'!B47 -> 255 | C47: ='Week 1 MASTER SHEET'!C47 -> 3 | D47: ='Week 1 MASTER SHEET'!D47 -> 1-5 MIN | E47: ='Week 1 MASTER SHEET'!E47 | F47: 3
A48: ='Week 1 MASTER SHEET'!A48 -> NEW 4 REP MAX ATTEMPT
A49: ='Week 1 MASTER SHEET'!A49 -> 5 | B49: ='Week 1 MASTER SHEET'!B49 -> 260 | C49: ='Week 1 MASTER SHEET'!C49 -> 4 | D49: ='Week 1 MASTER SHEET'!D49 -> 1-5 MIN | E49: ='Week 1 MASTER SHEET'!E49 | F49: 4
A50: ='Week 1 MASTER SHEET'!A50 -> 6 | B50: ='Week 1 MASTER SHEET'!B50 -> 265 | C50: ='Week 1 MASTER SHEET'!C50 -> 4 | D50: ='Week 1 MASTER SHEET'!D50 -> 1-5 MIN | E50: ='Week 1 MASTER SHEET'!E50 | F50: 3
A51: ='Week 1 MASTER SHEET'!A51 -> DOWN SETS
A52: ='Week 1 MASTER SHEET'!A52 -> 7 | B52: ='Week 1 MASTER SHEET'!B52 -> 210 | C52: ='Week 1 MASTER SHEET'!C52 -> REP OUT | D52: ='Week 1 MASTER SHEET'!D52 -> 1-3 MIN | E52: ='Week 1 MASTER SHEET'!E52 | F52: 6
A53: ='Week 1 MASTER SHEET'!A53 -> 8 | B53: ='Week 1 MASTER SHEET'!B53 -> 180 | C53: ='Week 1 MASTER SHEET'!C53 -> REP OUT | D53: ='Week 1 MASTER SHEET'!D53 -> 1-3 MIN | E53: ='Week 1 MASTER SHEET'!E53 | F53: 5
A54: ='Week 1 MASTER SHEET'!A54 -> FINAL MAX | B54: ='Week 1 MASTER SHEET'!B54 -> 260
A57: ='Week 1 MASTER SHEET'!A57 -> 4. MACHINE LOW ROW
A58: ='Week 1 MASTER SHEET'!A58 -> CURRENT MAX | B58: ='DETERMINING MAX WEEK'!E63 -> 205
A59: ='Week 1 MASTER SHEET'!A59 -> SET | B59: ='Week 1 MASTER SHEET'!B59 -> WEIGHT | C59: ='Week 1 MASTER SHEET'!C59 -> REPS | D59: ='Week 1 MASTER SHEET'!D59 -> REST | E59: ='Week 1 MASTER SHEET'!E59 -> PREVIOUS | F59: REP LOG
A60: ='Week 1 MASTER SHEET'!A60 -> 1 | B60: ='Week 1 MASTER SHEET'!B60 -> 185 | C60: ='Week 1 MASTER SHEET'!C60 -> REP OUT | D60: ='Week 1 MASTER SHEET'!D60 -> 1 MIN | E60: ='Week 1 MASTER SHEET'!E60 | F60: 6
A61: ='Week 1 MASTER SHEET'!A61 -> 2 | B61: ='Week 1 MASTER SHEET'!B61 -> 175 | C61: ='Week 1 MASTER SHEET'!C61 -> REP OUT | D61: ='Week 1 MASTER SHEET'!D61 -> 1 MIN | E61: ='Week 1 MASTER SHEET'!E61 | F61: 8
A62: ='Week 1 MASTER SHEET'!A62 -> 3 | B62: ='Week 1 MASTER SHEET'!B62 -> 175 | C62: ='Week 1 MASTER SHEET'!C62 -> REP OUT | D62: ='Week 1 MASTER SHEET'!D62 -> 1 MIN | E62: ='Week 1 MASTER SHEET'!E62 | F62: 7
A63: ='Week 1 MASTER SHEET'!A63
A65: ='Week 1 MASTER SHEET'!A65 -> 5. MACHINE HIGH ROW
A66: ='Week 1 MASTER SHEET'!A66 -> CURRENT MAX | B66: ='DETERMINING MAX WEEK'!E80 -> 60
A67: ='Week 1 MASTER SHEET'!A67 -> SET | B67: ='Week 1 MASTER SHEET'!B67 -> WEIGHT | C67: ='Week 1 MASTER SHEET'!C67 -> REPS | D67: ='Week 1 MASTER SHEET'!D67 -> REST | E67: ='Week 1 MASTER SHEET'!E67 -> PREVIOUS | F67: REP LOG
A68: ='Week 1 MASTER SHEET'!A68 -> 1 | B68: ='Week 1 MASTER SHEET'!B68 -> 50 | C68: ='Week 1 MASTER SHEET'!C68 -> REP OUT | D68: ='Week 1 MASTER SHEET'!D68 -> 1 MIN | E68: ='Week 1 MASTER SHEET'!E68 | F68: 7
A69: ='Week 1 MASTER SHEET'!A69 -> 2 | B69: ='Week 1 MASTER SHEET'!B69 -> 50 | C69: ='Week 1 MASTER SHEET'!C69 -> REP OUT | D69: ='Week 1 MASTER SHEET'!D69 -> 1 MIN | E69: ='Week 1 MASTER SHEET'!E69 | F69: 10
A70: ='Week 1 MASTER SHEET'!A70 -> 3 | B70: ='Week 1 MASTER SHEET'!B70 -> 50 | C70: ='Week 1 MASTER SHEET'!C70 -> REP OUT | D70: ='Week 1 MASTER SHEET'!D70 -> 1 MIN | E70: ='Week 1 MASTER SHEET'!E70
A72: ='Week 1 MASTER SHEET'!A72 -> CLICK TO COMPLETE WORKOUT
A74: ='Week 1 MASTER SHEET'!A74 -> DAY 2
A76: ='Week 1 MASTER SHEET'!A76 -> LEGS
A77: ='Week 1 MASTER SHEET'!A77 -> SISSY SQUATS
A78: ='Week 1 MASTER SHEET'!A78 -> SET | B78: ='Week 1 MASTER SHEET'!B78 -> WEIGHT | C78: ='Week 1 MASTER SHEET'!C78 -> REPS | D78: ='Week 1 MASTER SHEET'!D78 -> REST | E78: ='Week 1 MASTER SHEET'!E78 -> PREVIOUS | F78: REP LOG
A79: ='Week 1 MASTER SHEET'!A79 -> 1 | B79: ='Week 1 MASTER SHEET'!B79 -> BODY | C79: ='Week 1 MASTER SHEET'!C79 -> 10 | D79: ='Week 1 MASTER SHEET'!D79 -> 1-2 MIN | E79: ='Week 1 MASTER SHEET'!E79 | F79: ='Week 1 MASTER SHEET'!F79
A80: ='Week 1 MASTER SHEET'!A80 -> 2 | B80: ='Week 1 MASTER SHEET'!B80 -> BODY | C80: ='Week 1 MASTER SHEET'!C80 -> 10 | D80: ='Week 1 MASTER SHEET'!D80 -> 1-2 MIN | E80: ='Week 1 MASTER SHEET'!E80 | F80: ='Week 1 MASTER SHEET'!F80
A83: ='Week 1 MASTER SHEET'!A83 -> 1. LEG PRESS
A84: ='Week 1 MASTER SHEET'!A84 -> CURRENT MAX | B84: ='DETERMINING MAX WEEK'!E108 -> 130
A85: ='Week 1 MASTER SHEET'!A85 -> SET | B85: ='Week 1 MASTER SHEET'!B85 -> WEIGHT | C85: ='Week 1 MASTER SHEET'!C85 -> REPS | D85: ='Week 1 MASTER SHEET'!D85 -> REST | E85: ='Week 1 MASTER SHEET'!E85 -> PREVIOUS | F85: REP LOG
A86: 1 | B86: ='Week 1 MASTER SHEET'!B86 -> 45 | C86: ='Week 1 MASTER SHEET'!C86 -> 20 | D86: ='Week 1 MASTER SHEET'!D86 -> 1-2 MIN | E86: ='Week 1 MASTER SHEET'!E86 | F86: 20
A87: 2 | B87: ='Week 1 MASTER SHEET'!B87 -> 65 | C87: ='Week 1 MASTER SHEET'!C87 -> 20 | D87: ='Week 1 MASTER SHEET'!D87 -> 1-2 MIN | E87: ='Week 1 MASTER SHEET'!E87 | F87: 20
A88: 3 | B88: ='Week 1 MASTER SHEET'!B88 -> 100 | C88: ='Week 1 MASTER SHEET'!C88 -> 20 | D88: ='Week 1 MASTER SHEET'!D88 -> 1-2 MIN | E88: ='Week 1 MASTER SHEET'!E88 | F88: 20
A89: 4 | B89: ='Week 1 MASTER SHEET'!B89 -> 130 | C89: ='Week 1 MASTER SHEET'!C89 -> 20 | D89: ='Week 1 MASTER SHEET'!D89 -> 1-2 MIN | E89: ='Week 1 MASTER SHEET'!E89 | F89: 20
A92: ='Week 1 MASTER SHEET'!A92 -> 2. LEG EXTENSION
A93: ='Week 1 MASTER SHEET'!A93 -> CURRENT MAX | B93: ='DETERMINING MAX WEEK'!E124 -> 86
A94: ='Week 1 MASTER SHEET'!A94 -> SET | B94: ='Week 1 MASTER SHEET'!B94 -> WEIGHT | C94: ='Week 1 MASTER SHEET'!C94 -> REPS | D94: ='Week 1 MASTER SHEET'!D94 -> REST | E94: ='Week 1 MASTER SHEET'!E94 -> PREVIOUS | F94: REP LOG
A95: ='Week 1 MASTER SHEET'!A95 -> 1 | B95: ='Week 1 MASTER SHEET'!B95 -> 90 | C95: ='Week 1 MASTER SHEET'!C95 -> REP OUT | D95: ='Week 1 MASTER SHEET'!D95 -> 1 MIN | E95: ='Week 1 MASTER SHEET'!E95 | F95: 5
A96: ='Week 1 MASTER SHEET'!A96 -> 2 | B96: ='Week 1 MASTER SHEET'!B96 -> 80 | C96: ='Week 1 MASTER SHEET'!C96 -> REP OUT | D96: ='Week 1 MASTER SHEET'!D96 -> 1 MIN | E96: ='Week 1 MASTER SHEET'!E96 | F96: 12
A97: ='Week 1 MASTER SHEET'!A97 -> 3 | B97: ='Week 1 MASTER SHEET'!B97 -> 75 | C97: ='Week 1 MASTER SHEET'!C97 -> REP OUT | D97: ='Week 1 MASTER SHEET'!D97 -> 1 MIN | E97: ='Week 1 MASTER SHEET'!E97 | F97: 15
A100: ='Week 1 MASTER SHEET'!A100 -> 3. LEG CURL | G100: ALTERNATE | H100: ='Week 1 MASTER SHEET'!H100 -> 4. PRONE LEG CURL
A101: ='Week 1 MASTER SHEET'!A101 -> CURRENT MAX | B101: ='Week 1 MASTER SHEET'!B101 -> 100 | H101: ='Week 1 MASTER SHEET'!H101 -> CURRENT MAX | I101: ='Week 1 MASTER SHEET'!I101 -> 100
A102: ='Week 1 MASTER SHEET'!A102 -> SET | B102: ='Week 1 MASTER SHEET'!B102 -> WEIGHT | C102: ='Week 1 MASTER SHEET'!C102 -> REPS | D102: ='Week 1 MASTER SHEET'!D102 -> REST | E102: ='Week 1 MASTER SHEET'!E102 -> PREVIOUS | F102: REP LOG | H102: ='Week 1 MASTER SHEET'!H102 -> SET | I102: ='Week 1 MASTER SHEET'!I102 -> WEIGHT | J102: ='Week 1 MASTER SHEET'!J102 -> REPS | K102: ='Week 1 MASTER SHEET'!K102 -> REST | L102: ='Week 1 MASTER SHEET'!L102 -> PREVIOUS | M102: REP LOG
A103: ='Week 1 MASTER SHEET'!A103 -> 1 | B103: ='Week 1 MASTER SHEET'!B103 -> 105 | C103: ='Week 1 MASTER SHEET'!C103 -> REP OUT | D103: ='Week 1 MASTER SHEET'!D103 -> 1 MIN | E103: ='Week 1 MASTER SHEET'!E103 | F103: 12 | H103: ='Week 1 MASTER SHEET'!H103 -> 1 | I103: ='Week 1 MASTER SHEET'!I103 -> 105 | J103: ='Week 1 MASTER SHEET'!J103 -> REP OUT | K103: ='Week 1 MASTER SHEET'!K103 -> 1 MIN | L103: ='Week 1 MASTER SHEET'!L103
A104: ='Week 1 MASTER SHEET'!A104 -> 2 | B104: ='Week 1 MASTER SHEET'!B104 -> 100 | C104: ='Week 1 MASTER SHEET'!C104 -> REP OUT | D104: ='Week 1 MASTER SHEET'!D104 -> 1 MIN | E104: ='Week 1 MASTER SHEET'!E104 | F104: 10 | H104: ='Week 1 MASTER SHEET'!H104 -> 2 | I104: ='Week 1 MASTER SHEET'!I104 -> 85 | J104: ='Week 1 MASTER SHEET'!J104 -> REP OUT | K104: ='Week 1 MASTER SHEET'!K104 -> 1 MIN | L104: ='Week 1 MASTER SHEET'!L104
A105: ='Week 1 MASTER SHEET'!A105 -> 3 | B105: ='Week 1 MASTER SHEET'!B105 -> 95 | C105: ='Week 1 MASTER SHEET'!C105 -> REP OUT | D105: ='Week 1 MASTER SHEET'!D105 -> 1 MIN | E105: ='Week 1 MASTER SHEET'!E105 | F105: 12 | H105: ='Week 1 MASTER SHEET'!H105 -> 3 | I105: ='Week 1 MASTER SHEET'!I105 -> 70 | J105: ='Week 1 MASTER SHEET'!J105 -> REP OUT | K105: ='Week 1 MASTER SHEET'!K105 -> 1 MIN | L105: ='Week 1 MASTER SHEET'!L105
A106: ='Week 1 MASTER SHEET'!A106 | H106: ='Week 1 MASTER SHEET'!H106 -> FINAL MAX | I106: ='Week 1 MASTER SHEET'!I106 -> 100
A107: ='Week 1 MASTER SHEET'!A72 -> CLICK TO COMPLETE WORKOUT
A109: ='Week 1 MASTER SHEET'!A109 -> DAY 3
H110: ='Week 1 MASTER SHEET'!H110 -> WATCH THIS BEFORE MACHINE PRESS
A112: ='Week 1 MASTER SHEET'!A112 -> SHOULDERS & ARMS | H112: ='Week 1 MASTER SHEET'!H112 -> SHOULDERS & ARMS
A113: ='Week 1 MASTER SHEET'!A113 -> 1. SHOULDER PRESS | H113: ='Week 1 MASTER SHEET'!H113 -> 1.MACHINE SHOULDER PRESS
A114: ='Week 1 MASTER SHEET'!A114 -> CURRENT MAX | B114: 70 | H114: ='Week 1 MASTER SHEET'!H114 -> SET | I114: ='Week 1 MASTER SHEET'!I114 -> WEIGHT | J114: ='Week 1 MASTER SHEET'!J114 -> REPS | K114: ='Week 1 MASTER SHEET'!K114 -> REST | L114: ='Week 1 MASTER SHEET'!L114 -> PREVIOUS | M114: ='Week 1 MASTER SHEET'!M114 -> REP LOG
A115: ='Week 1 MASTER SHEET'!A115 -> SET | B115: ='Week 1 MASTER SHEET'!B115 -> WEIGHT | C115: ='Week 1 MASTER SHEET'!C115 -> REPS | D115: ='Week 1 MASTER SHEET'!D115 -> REST | E115: ='Week 1 MASTER SHEET'!E115 -> PREVIOUS | F115: REP LOG | H115: ='Week 1 MASTER SHEET'!H115 -> 1 | I115: ='Week 1 MASTER SHEET'!I115 -> 40 | J115: ='Week 1 MASTER SHEET'!J115 -> 10 | K115: ='Week 1 MASTER SHEET'!K115 -> 1-5 MIN | L115: ='Week 1 MASTER SHEET'!L115
A116: ='Week 1 MASTER SHEET'!A116 -> 1 | B116: ='Week 1 MASTER SHEET'!B116 -> 25 | C116: ='Week 1 MASTER SHEET'!C116 -> 6 | D116: ='Week 1 MASTER SHEET'!D116 -> 30s | E116: ='Week 1 MASTER SHEET'!E116 | F116: 0 | H116: ='Week 1 MASTER SHEET'!H116 -> 2 | I116: ='Week 1 MASTER SHEET'!I116 -> 60 | J116: ='Week 1 MASTER SHEET'!J116 -> 10 | K116: ='Week 1 MASTER SHEET'!K116 -> 1-5 MIN | L116: ='Week 1 MASTER SHEET'!L116
A117: ='Week 1 MASTER SHEET'!A117 -> 2 | B117: ='Week 1 MASTER SHEET'!B117 -> 45 | C117: ='Week 1 MASTER SHEET'!C117 -> 1 | D117: ='Week 1 MASTER SHEET'!D117 -> 1-2 MIN | E117: ='Week 1 MASTER SHEET'!E117 | F117: 0 | H117: ='Week 1 MASTER SHEET'!H117 -> 3 | I117: ='Week 1 MASTER SHEET'!I117 -> 80 | J117: ='Week 1 MASTER SHEET'!J117 -> 10 | K117: ='Week 1 MASTER SHEET'!K117 -> 1-5 MIN | L117: ='Week 1 MASTER SHEET'!L117
A118: ='Week 1 MASTER SHEET'!A118 -> 3 | B118: ='Week 1 MASTER SHEET'!B118 -> 65 | C118: ='Week 1 MASTER SHEET'!C118 -> 1 | D118: ='Week 1 MASTER SHEET'!D118 -> 1-2 MIN | E118: ='Week 1 MASTER SHEET'!E118 | F118: 0 | H118: ='Week 1 MASTER SHEET'!H118 -> 4 | I118: ='Week 1 MASTER SHEET'!I118 -> 90 | J118: ='Week 1 MASTER SHEET'!J118 -> 10 | K118: ='Week 1 MASTER SHEET'!K118 -> 1-5 MIN | L118: ='Week 1 MASTER SHEET'!L118
A119: ='Week 1 MASTER SHEET'!A119 -> 4 | B119: ='Week 1 MASTER SHEET'!B119 -> 70 | C119: ='Week 1 MASTER SHEET'!C119 -> 1 | D119: ='Week 1 MASTER SHEET'!D119 -> 1-5 MIN | E119: ='Week 1 MASTER SHEET'!E119 | F119: 0 | H119: ='Week 1 MASTER SHEET'!H119 -> 5 | I119: ='Week 1 MASTER SHEET'!I119 -> 100 | J119: ='Week 1 MASTER SHEET'!J119 -> 10 | K119: ='Week 1 MASTER SHEET'!K119 -> 1-5 MIN | L119: ='Week 1 MASTER SHEET'!L119
A120: ='Week 1 MASTER SHEET'!A120 -> PROCEED TO DOWN SETS | H120: ='Week 1 MASTER SHEET'!H120 -> 6 | I120: ='Week 1 MASTER SHEET'!I120 -> 110 | J120: ='Week 1 MASTER SHEET'!J120 -> 10 | K120: ='Week 1 MASTER SHEET'!K120 -> 1-5 MIN
A121: ='Week 1 MASTER SHEET'!A121 | B121: ='Week 1 MASTER SHEET'!B121 | C121: ='Week 1 MASTER SHEET'!C121 | D121: ='Week 1 MASTER SHEET'!D121 | E121: ='Week 1 MASTER SHEET'!E121 | H121: ='Week 1 MASTER SHEET'!H121 -> 7 | I121: ='Week 1 MASTER SHEET'!I121 -> 120 | J121: ='Week 1 MASTER SHEET'!J121 -> 10 | K121: ='Week 1 MASTER SHEET'!K121 -> 1-5 MIN | L121: ='Week 1 MASTER SHEET'!L121
A122: ='Week 1 MASTER SHEET'!A122 | B122: ='Week 1 MASTER SHEET'!B122 | C122: ='Week 1 MASTER SHEET'!C122 | D122: ='Week 1 MASTER SHEET'!D122 | E122: ='Week 1 MASTER SHEET'!E122 | H122: ='Week 1 MASTER SHEET'!H122 -> INSERT MAX | I122: ='Week 1 MASTER SHEET'!I122
A123: ='Week 1 MASTER SHEET'!A123 -> DOWN SETS
A124: ='Week 1 MASTER SHEET'!A124 -> 5 | B124: ='Week 1 MASTER SHEET'!B124 -> 60 | C124: ='Week 1 MASTER SHEET'!C124 -> REP OUT | D124: ='Week 1 MASTER SHEET'!D124 -> 1-3 MIN | E124: ='Week 1 MASTER SHEET'!E124 | F124: 0
A125: ='Week 1 MASTER SHEET'!A125 -> 6 | B125: ='Week 1 MASTER SHEET'!B125 -> 50 | C125: ='Week 1 MASTER SHEET'!C125 -> REP OUT | D125: ='Week 1 MASTER SHEET'!D125 -> 1-3 MIN | E125: ='Week 1 MASTER SHEET'!E125 | F125: 0
A126: ='Week 1 MASTER SHEET'!A126 -> FINAL MAX | B126: ='Week 1 MASTER SHEET'!B126 -> 65
...

Sheet WEEK 2
A9: ='Week 2 (MASTER SHEET)'!A9 -> Week 2 | H9: QUICK TIPS
A10: ='Week 2 (MASTER SHEET)'!A10 -> PRESS TO RECORD BODY WEIGHT | H10: IF IT'S GREEN=NEEDS YOUR INPUT
H11: Click The Title of The workout to see an Instructional Video
A12: This Weeks Goals
A13: ='Week 2 (MASTER SHEET)'!A13 -> This week we are going to continue to attemp new maxes in some areas as well as go for max repititions in others. Be sure to push your hardest and keep good form.
A14: SWIPE RIGHT FOR QUICK TIPS
A16: DAY 1 | H16: ='Week 2 (MASTER SHEET)'!H16 -> ALTERNATE WORKOUTS
A19: ='Week 2 (MASTER SHEET)'!A19 -> CHEST & BACK | H19: ='Week 2 (MASTER SHEET)'!H19 -> CHEST & BACK
A20: ='Week 2 (MASTER SHEET)'!A20 -> 1. DUMBBELL INCLINE PRESS | G20: ALTERNATE | H20: ='Week 2 (MASTER SHEET)'!H20 -> 1. MACHINE PRESS
A21: ='Week 2 (MASTER SHEET)'!A21 -> CURRENT MAX | B21: 75 | H21: ='Week 2 (MASTER SHEET)'!H21 -> CURRENT MAX | I21: ='Week 2 (MASTER SHEET)'!I21
A22: ='Week 2 (MASTER SHEET)'!A22 -> SET | B22: ='Week 2 (MASTER SHEET)'!B22 -> WEIGHT | C22: ='Week 2 (MASTER SHEET)'!C22 -> REPS | D22: ='Week 2 (MASTER SHEET)'!D22 -> REST | E22: ='Week 2 (MASTER SHEET)'!E22 -> PREVIOUS | F22: ='Week 2 (MASTER SHEET)'!F22 -> REP LOG | H22: ='Week 2 (MASTER SHEET)'!H22 -> SET | I22: ='Week 2 (MASTER SHEET)'!I22 -> WEIGHT | J22: ='Week 2 (MASTER SHEET)'!J22 -> REPS | K22: ='Week 2 (MASTER SHEET)'!K22 -> REST | L22: ='Week 2 (MASTER SHEET)'!L22 -> PREVIOUS | M22: ='Week 2 (MASTER SHEET)'!M22 -> REP LOG
A23: ='Week 2 (MASTER SHEET)'!A23 -> 1 | B23: ='Week 2 (MASTER SHEET)'!B23 -> 25 | C23: ='Week 2 (MASTER SHEET)'!C23 -> 6 | D23: ='Week 2 (MASTER SHEET)'!D23 -> 1 MIN | E23: ='Week 2 (MASTER SHEET)'!E23 -> 6 | F23: 6 | H23: ='Week 2 (MASTER SHEET)'!H23 -> 1 | I23: ='Week 2 (MASTER SHEET)'!I23 -> 0 | J23: ='Week 2 (MASTER SHEET)'!J23 -> 6 | K23: ='Week 2 (MASTER SHEET)'!K23 -> 1 MIN | L23: ='Week 2 (MASTER SHEET)'!L23
A24: ='Week 2 (MASTER SHEET)'!A24 -> 2 | B24: ='Week 2 (MASTER SHEET)'!B24 -> 50 | C24: ='Week 2 (MASTER SHEET)'!C24 -> 1 | D24: ='Week 2 (MASTER SHEET)'!D24 -> 1 MIN | E24: ='Week 2 (MASTER SHEET)'!E24 -> 1 | F24: 1 | H24: ='Week 2 (MASTER SHEET)'!H24 -> 2 | I24: ='Week 2 (MASTER SHEET)'!I24 -> 0 | J24: ='Week 2 (MASTER SHEET)'!J24 -> 1 | K24: ='Week 2 (MASTER SHEET)'!K24 -> 1 MIN | L24: ='Week 2 (MASTER SHEET)'!L24
A25: ='Week 2 (MASTER SHEET)'!A25 -> 3 | B25: ='Week 2 (MASTER SHEET)'!B25 -> 65 | C25: ='Week 2 (MASTER SHEET)'!C25 -> 1 | D25: ='Week 2 (MASTER SHEET)'!D25 -> 1 MIN | E25: ='Week 2 (MASTER SHEET)'!E25 -> 1 | F25: 1 | H25: ='Week 2 (MASTER SHEET)'!H25 -> 3 | I25: ='Week 2 (MASTER SHEET)'!I25 -> 0 | J25: ='Week 2 (MASTER SHEET)'!J25 -> 1 | K25: ='Week 2 (MASTER SHEET)'!K25 -> 1 MIN | L25: ='Week 2 (MASTER SHEET)'!L25
A26: ='Week 2 (MASTER SHEET)'!A26 -> 4 | B26: ='Week 2 (MASTER SHEET)'!B26 -> 75 | C26: ='Week 2 (MASTER SHEET)'!C26 -> REP OUT | D26: ='Week 2 (MASTER SHEET)'!D26 -> 1 MIN | E26: ='Week 2 (MASTER SHEET)'!E26 -> 6 | F26: 6 | H26: ='Week 2 (MASTER SHEET)'!H26 -> 4 | I26: ='Week 2 (MASTER SHEET)'!I26 -> 0 | J26: ='Week 2 (MASTER SHEET)'!J26 -> REP OUT | K26: ='Week 2 (MASTER SHEET)'!K26 -> 1 MIN | L26: ='Week 2 (MASTER SHEET)'!L26
A27: ='Week 2 (MASTER SHEET)'!A27 -> NEW 4 REP MAX ATTEMPT | H27: ='Week 2 (MASTER SHEET)'!H27 -> PROCEED TO DOWNSETS
A28: ='Week 2 (MASTER SHEET)'!A28 -> 5 | B28: ='Week 2 (MASTER SHEET)'!B28 -> 80 | C28: ='Week 2 (MASTER SHEET)'!C28 -> REP OUT | D28: ='Week 2 (MASTER SHEET)'!D28 -> 1 MIN | E28: ='Week 2 (MASTER SHEET)'!E28 -> 3 | F28: 2 | H28: ='Week 2 (MASTER SHEET)'!H28 | I28: ='Week 2 (MASTER SHEET)'!I28 | J28: ='Week 2 (MASTER SHEET)'!J28 | K28: ='Week 2 (MASTER SHEET)'!K28 | L28: ='Week 2 (MASTER SHEET)'!L28
A29: ='Week 2 (MASTER SHEET)'!A29 -> DOWN SETS | H29: ='Week 2 (MASTER SHEET)'!H29 -> FILL OUT REP LOG FIRST
A30: ='Week 2 (MASTER SHEET)'!A30 -> 6 | B30: ='Week 2 (MASTER SHEET)'!B30 -> 70 | C30: ='Week 2 (MASTER SHEET)'!C30 -> REP OUT | D30: ='Week 2 (MASTER SHEET)'!D30 -> 1 MIN | E30: ='Week 2 (MASTER SHEET)'!E30 -> 6 | H30: ='Week 2 (MASTER SHEET)'!H30 | I30: ='Week 2 (MASTER SHEET)'!I30 | J30: ='Week 2 (MASTER SHEET)'!J30 | K30: ='Week 2 (MASTER SHEET)'!K30 | L30: ='Week 2 (MASTER SHEET)'!L30
A31: ='Week 2 (MASTER SHEET)'!A31 -> 7 | B31: ='Week 2 (MASTER SHEET)'!B31 -> 55 | C31: ='Week 2 (MASTER SHEET)'!C31 -> REP OUT | D31: ='Week 2 (MASTER SHEET)'!D31 -> 1 MIN | E31: ='Week 2 (MASTER SHEET)'!E31 -> 10 | H31: ='Week 2 (MASTER SHEET)'!H31 | I31: ='Week 2 (MASTER SHEET)'!I31 | J31: ='Week 2 (MASTER SHEET)'!J31 | K31: ='Week 2 (MASTER SHEET)'!K31
A32: ='Week 2 (MASTER SHEET)'!A32 | B32: ='Week 2 (MASTER SHEET)'!B32 | C32: ='Week 2 (MASTER SHEET)'!C32 | D32: ='Week 2 (MASTER SHEET)'!D32 | E32: ='Week 2 (MASTER SHEET)'!E32 | H32: ='Week 2 (MASTER SHEET)'!H32 | I32: ='Week 2 (MASTER SHEET)'!I32 | J32: ='Week 2 (MASTER SHEET)'!J32 | K32: ='Week 2 (MASTER SHEET)'!K32
A33: ='Week 2 (MASTER SHEET)'!A33 | B33: ='Week 2 (MASTER SHEET)'!B33 | C33: ='Week 2 (MASTER SHEET)'!C33 | D33: ='Week 2 (MASTER SHEET)'!D33 | E33: ='Week 2 (MASTER SHEET)'!E33 | H33: ='Week 2 (MASTER SHEET)'!H33 | I33: ='Week 2 (MASTER SHEET)'!I33 | J33: ='Week 2 (MASTER SHEET)'!J33 | K33: ='Week 2 (MASTER SHEET)'!K33
A34: ='Week 2 (MASTER SHEET)'!A34 -> FINAL MAX | B34: ='Week 2 (MASTER SHEET)'!B34 -> 75 | H34: ='Week 2 (MASTER SHEET)'!H34 -> FINAL MAX | I34: ='Week 2 (MASTER SHEET)'!I34
A37: ='Week 2 (MASTER SHEET)'!A37 -> 2. DUMBBELL CHEST FLY | G37: ALTERNATE | H37: ='Week 2 (MASTER SHEET)'!H37 -> 2. MACHINE CHEST FLY
A38: ='Week 2 (MASTER SHEET)'!A38 -> DB INCLINE MAX | B38: ='Week 2 (MASTER SHEET)'!B38 -> 75 | H38: ='Week 2 (MASTER SHEET)'!H38 -> DB INCLINE MAX | I38: ='Week 2 (MASTER SHEET)'!I38 -> 75
A39: ='Week 2 (MASTER SHEET)'!A39 -> SET | B39: ='Week 2 (MASTER SHEET)'!B39 -> WEIGHT | C39: ='Week 2 (MASTER SHEET)'!C39 -> REPS | D39: ='Week 2 (MASTER SHEET)'!D39 -> REST | E39: ='Week 2 (MASTER SHEET)'!E39 -> PREVIOUS | F39: ='Week 2 (MASTER SHEET)'!F39 -> REP LOG | H39: ='Week 2 (MASTER SHEET)'!H39 -> SET | I39: ='Week 2 (MASTER SHEET)'!I39 -> WEIGHT | J39: ='Week 2 (MASTER SHEET)'!J39 -> REPS | K39: ='Week 2 (MASTER SHEET)'!K39 -> REST | L39: ='Week 2 (MASTER SHEET)'!L39 -> PREVIOUS | M39: ='Week 2 (MASTER SHEET)'!M39 -> REP LOG
A40: ='Week 2 (MASTER SHEET)'!A40 -> 1 | B40: ='Week 2 (MASTER SHEET)'!B40 -> 22.5 | C40: ='Week 2 (MASTER SHEET)'!C40 -> 15 | D40: ='Week 2 (MASTER SHEET)'!D40 -> 1 MIN | E40: ='Week 2 (MASTER SHEET)'!E40 | F40: 15 | H40: ='Week 2 (MASTER SHEET)'!H40 -> 1 | I40: ='Week 2 (MASTER SHEET)'!I40 -> 110 | J40: ='Week 2 (MASTER SHEET)'!J40 -> 15 | K40: ='Week 2 (MASTER SHEET)'!K40 -> 1 MIN | L40: ='Week 2 (MASTER SHEET)'!L40
A41: ='Week 2 (MASTER SHEET)'!A41 -> 2 | B41: ='Week 2 (MASTER SHEET)'!B41 -> 22.5 | C41: ='Week 2 (MASTER SHEET)'!C41 -> 15 | D41: ='Week 2 (MASTER SHEET)'!D41 -> 1 MIN | E41: ='Week 2 (MASTER SHEET)'!E41 | F41: 15 | H41: ='Week 2 (MASTER SHEET)'!H41 -> 2 | I41: ='Week 2 (MASTER SHEET)'!I41 -> 110 | J41: ='Week 2 (MASTER SHEET)'!J41 -> 15 | K41: ='Week 2 (MASTER SHEET)'!K41 -> 1 MIN | L41: ='Week 2 (MASTER SHEET)'!L41
A44: ='Week 2 (MASTER SHEET)'!A44 -> 3. MACHINE LOW ROW
A45: ='Week 2 (MASTER SHEET)'!A45 -> CURRENT MAX | B45: ='Week 2 (MASTER SHEET)'!B45 -> 205
A46: ='Week 2 (MASTER SHEET)'!A46 -> SET | B46: ='Week 2 (MASTER SHEET)'!B46 -> WEIGHT | C46: ='Week 2 (MASTER SHEET)'!C46 -> REPS | D46: ='Week 2 (MASTER SHEET)'!D46 -> REST | E46: ='Week 2 (MASTER SHEET)'!E46 -> PREVIOUS | F46: ='Week 2 (MASTER SHEET)'!F46 -> REP LOG
A47: ='Week 2 (MASTER SHEET)'!A47 -> 1 | B47: ='Week 2 (MASTER SHEET)'!B47 -> 70 | C47: ='Week 2 (MASTER SHEET)'!C47 -> 6 | D47: ='Week 2 (MASTER SHEET)'!D47 -> 30s | E47: ='Week 2 (MASTER SHEET)'!E47
A48: ='Week 2 (MASTER SHEET)'!A48 -> 2 | B48: ='Week 2 (MASTER SHEET)'!B48 -> 135 | C48: ='Week 2 (MASTER SHEET)'!C48 -> 3 | D48: ='Week 2 (MASTER SHEET)'!D48 -> 1-2 MIN | E48: ='Week 2 (MASTER SHEET)'!E48
A49: ='Week 2 (MASTER SHEET)'!A49 -> 3 | B49: ='Week 2 (MASTER SHEET)'!B49 -> 185 | C49: ='Week 2 (MASTER SHEET)'!C49 -> 2 | D49: ='Week 2 (MASTER SHEET)'!D49 -> 1-2 MIN | E49: ='Week 2 (MASTER SHEET)'!E49
A50: ='Week 2 (MASTER SHEET)'!A50 -> 4 | B50: ='Week 2 (MASTER SHEET)'!B50 -> 205 | C50: ='Week 2 (MASTER SHEET)'!C50 -> 3 | D50: ='Week 2 (MASTER SHEET)'!D50 -> 1-5 MIN
A51: ='Week 2 (MASTER SHEET)'!A51 -> PROCEED TO DOWN SETS
A52: ='Week 2 (MASTER SHEET)'!A52 | B52: ='Week 2 (MASTER SHEET)'!B52 | C52: ='Week 2 (MASTER SHEET)'!C52 | D52: ='Week 2 (MASTER SHEET)'!D52
A53: ='Week 2 (MASTER SHEET)'!A53 | B53: ='Week 2 (MASTER SHEET)'!B53 | C53: ='Week 2 (MASTER SHEET)'!C53 | D53: ='Week 2 (MASTER SHEET)'!D53 | E53: ='Week 2 (MASTER SHEET)'!E53
A54: ='Week 2 (MASTER SHEET)'!A54 -> DOWN SETS
A55: ='Week 2 (MASTER SHEET)'!A55 | B55: ='Week 2 (MASTER SHEET)'!B55 -> 0 | C55: ='Week 2 (MASTER SHEET)'!C55 -> REP OUT | D55: ='Week 2 (MASTER SHEET)'!D55 -> 1-3 MIN | E55: ='Week 2 (MASTER SHEET)'!E55
A56: ='Week 2 (MASTER SHEET)'!A56 | B56: ='Week 2 (MASTER SHEET)'!B56 -> 0 | C56: ='Week 2 (MASTER SHEET)'!C56 -> REP OUT | D56: ='Week 2 (MASTER SHEET)'!D56 -> 1-3 MIN
A57: ='Week 2 (MASTER SHEET)'!A57 -> FINAL MAX | B57: ='Week 2 (MASTER SHEET)'!B57
A59: ='Week 2 (MASTER SHEET)'!A59 -> 4. HIGH ROW
A60: ='Week 2 (MASTER SHEET)'!A60 -> CURRENT MAX | B60: ='Week 2 (MASTER SHEET)'!B60 -> 60
A61: ='Week 2 (MASTER SHEET)'!A61 -> SET | B61: ='Week 2 (MASTER SHEET)'!B61 -> WEIGHT | C61: ='Week 2 (MASTER SHEET)'!C61 -> REPS | D61: ='Week 2 (MASTER SHEET)'!D61 -> REST | E61: ='Week 2 (MASTER SHEET)'!A59:F59 | F61: ='Week 2 (MASTER SHEET)'!F61 -> REP LOG
A62: ='Week 2 (MASTER SHEET)'!A62 -> 1 | B62: ='Week 2 (MASTER SHEET)'!B62 -> 50 | C62: ='Week 2 (MASTER SHEET)'!C62 -> REP OUT | D62: ='Week 2 (MASTER SHEET)'!D62 -> 1 MIN | E62: ='Week 2 (MASTER SHEET)'!E62 -> 7 | F62: 10
A63: ='Week 2 (MASTER SHEET)'!A63 -> 2 | B63: ='Week 2 (MASTER SHEET)'!B63 -> 50 | C63: ='Week 2 (MASTER SHEET)'!C63 -> REP OUT | D63: ='Week 2 (MASTER SHEET)'!D63 -> 1 MIN | E63: ='Week 2 (MASTER SHEET)'!E63 -> 10 | F63: 10
A64: ='Week 2 (MASTER SHEET)'!A64 -> 3 | B64: ='Week 2 (MASTER SHEET)'!B64 -> 50 | C64: ='Week 2 (MASTER SHEET)'!C64 -> REP OUT | D64: ='Week 2 (MASTER SHEET)'!D64 -> 1 MIN | E64: ='Week 2 (MASTER SHEET)'!E64 | F64: 10
A67: ='Week 2 (MASTER SHEET)'!A67 -> 5. LAT PULL DOWN
A68: ='Week 2 (MASTER SHEET)'!A68 -> CURRENT MAX | B68: ='Week 2 (MASTER SHEET)'!B68 -> 260
A69: ='Week 2 (MASTER SHEET)'!A69 -> SET | B69: ='Week 2 (MASTER SHEET)'!B69 -> WEIGHT | C69: ='Week 2 (MASTER SHEET)'!C69 -> REPS | D69: ='Week 2 (MASTER SHEET)'!D69 -> REST | E69: ='Week 2 (MASTER SHEET)'!E69 -> PREVIOUS | F69: ='Week 2 (MASTER SHEET)'!F69 -> REP LOG
A70: ='Week 2 (MASTER SHEET)'!A70 -> 1 | B70: ='Week 2 (MASTER SHEET)'!B70 -> 208 | C70: ='Week 2 (MASTER SHEET)'!C70 -> REP OUT | D70: ='Week 2 (MASTER SHEET)'!D70 -> 1 MIN | E70: ='Week 2 (MASTER SHEET)'!E70 | F70: 10
A71: ='Week 2 (MASTER SHEET)'!A71 -> 2 | B71: ='Week 2 (MASTER SHEET)'!B71 -> 200 | C71: ='Week 2 (MASTER SHEET)'!C71 -> REP OUT | D71: ='Week 2 (MASTER SHEET)'!D71 -> 1 MIN | E71: ='Week 2 (MASTER SHEET)'!E71 | F71: 10
A72: ='Week 2 (MASTER SHEET)'!A72 -> 3 | B72: ='Week 2 (MASTER SHEET)'!B72 -> 190 | C72: ='Week 2 (MASTER SHEET)'!C72 -> REP OUT | D72: ='Week 2 (MASTER SHEET)'!D72 -> 1 MIN | E72: ='Week 2 (MASTER SHEET)'!E72 | F72: 10
A74: ='Week 2 (MASTER SHEET)'!A74 -> CLICK TO COMPLETE WORKOUT
A77: DAY 2
A79: ='Week 2 (MASTER SHEET)'!A79 -> LEGS
A80: ='Week 2 (MASTER SHEET)'!A80 -> 1. SISSY SQUATS
A81: ='Week 2 (MASTER SHEET)'!A81 -> SET | B81: ='Week 2 (MASTER SHEET)'!B81 -> WEIGHT | C81: ='Week 2 (MASTER SHEET)'!C81 -> REPS | D81: ='Week 2 (MASTER SHEET)'!D81 -> REST | E81: ='Week 2 (MASTER SHEET)'!E81 -> PREVIOUS | F81: ='Week 2 (MASTER SHEET)'!F81 -> REP LOG
A82: ='Week 2 (MASTER SHEET)'!A82 -> 1 | B82: ='Week 2 (MASTER SHEET)'!B82 -> BODY | C82: ='Week 2 (MASTER SHEET)'!C82 -> 10 | D82: ='Week 2 (MASTER SHEET)'!D82 -> 1-2 MIN | E82: ='Week 2 (MASTER SHEET)'!E82
A83: ='Week 2 (MASTER SHEET)'!A83 -> 2 | B83: ='Week 2 (MASTER SHEET)'!B83 -> BODY | C83: ='Week 2 (MASTER SHEET)'!C83 -> 10 | D83: ='Week 2 (MASTER SHEET)'!D83 -> 1-2 MIN | E83: ='Week 2 (MASTER SHEET)'!E83
A86: ='Week 2 (MASTER SHEET)'!A86 -> 2. LEG PRESS
A87: ='Week 2 (MASTER SHEET)'!A87 -> CURRENT MAX | B87: 240
A88: ='Week 2 (MASTER SHEET)'!A88 -> SET | B88: ='Week 2 (MASTER SHEET)'!B88 -> WEIGHT | C88: ='Week 2 (MASTER SHEET)'!C88 -> REPS | D88: ='Week 2 (MASTER SHEET)'!D88 -> REST | E88: ='Week 2 (MASTER SHEET)'!E88 -> PREVIOUS | F88: ='Week 2 (MASTER SHEET)'!F88 -> REP LOG
A89: ='Week 2 (MASTER SHEET)'!A89 -> 1 | B89: ='Week 2 (MASTER SHEET)'!B89 -> 120 | C89: ='Week 2 (MASTER SHEET)'!C89 -> 20 | D89: ='Week 2 (MASTER SHEET)'!D89 -> 1-5 MIN | E89: ='Week 2 (MASTER SHEET)'!E89 | F89: 20
A90: ='Week 2 (MASTER SHEET)'!A90 -> 2 | B90: ='Week 2 (MASTER SHEET)'!B90 -> 155 | C90: ='Week 2 (MASTER SHEET)'!C90 -> 20 | D90: ='Week 2 (MASTER SHEET)'!D90 -> 1-5 MIN | E90: ='Week 2 (MASTER SHEET)'!E90 | F90: 20
A91: ='Week 2 (MASTER SHEET)'!A91 -> 3 | B91: ='Week 2 (MASTER SHEET)'!B91 -> 190 | C91: ='Week 2 (MASTER SHEET)'!C91 -> 20 | D91: ='Week 2 (MASTER SHEET)'!D91 -> 1-5 MIN | E91: ='Week 2 (MASTER SHEET)'!E91 | F91: 40
A92: ='Week 2 (MASTER SHEET)'!A92 -> 4 | B92: ='Week 2 (MASTER SHEET)'!B92 -> 230 | C92: ='Week 2 (MASTER SHEET)'!C92 -> 15 | D92: ='Week 2 (MASTER SHEET)'!D92 -> 1-5 MIN | E92: ='Week 2 (MASTER SHEET)'!E92 | F92: 40
A93: ='Week 2 (MASTER SHEET)'!A93 -> 5 | B93: ='Week 2 (MASTER SHEET)'!B93 -> 250 | C93: ='Week 2 (MASTER SHEET)'!C93 -> 10 - 20 | D93: ='Week 2 (MASTER SHEET)'!D93 -> 1-5 MIN | E93: ='Week 2 (MASTER SHEET)'!E93 | F93: 40
A94: ='Week 2 (MASTER SHEET)'!A94 -> 6 | B94: ='Week 2 (MASTER SHEET)'!B94 -> 265 | C94: ='Week 2 (MASTER SHEET)'!C94 -> REP OUT | D94: ='Week 2 (MASTER SHEET)'!D94 -> 1-5 MIN | E94: ='Week 2 (MASTER SHEET)'!E94 | F94: 40
A95: ='Week 2 (MASTER SHEET)'!A95 -> 7 | B95: ='Week 2 (MASTER SHEET)'!B95 -> 305 | C95: ='Week 2 (MASTER SHEET)'!C95 -> REP OUT | D95: ='Week 2 (MASTER SHEET)'!D95 -> 1-5 MIN | E95: ='Week 2 (MASTER SHEET)'!E95 | F95: 40
A96: ='Week 2 (MASTER SHEET)'!A96 -> FINAL MAX | B96: ='Week 2 (MASTER SHEET)'!B96 -> 250
A99: ='Week 2 (MASTER SHEET)'!A99 -> 3. LEG EXTENSION
A100: ='Week 2 (MASTER SHEET)'!A100 -> CURRENT MAX | B100: ='Week 2 (MASTER SHEET)'!B100 -> 80
A101: ='Week 2 (MASTER SHEET)'!A101 -> SET | B101: ='Week 2 (MASTER SHEET)'!B101 -> WEIGHT | C101: ='Week 2 (MASTER SHEET)'!C101 -> REPS | D101: ='Week 2 (MASTER SHEET)'!D101 -> REST | E101: ='Week 2 (MASTER SHEET)'!E101 -> PREVIOUS | F101: ='Week 2 (MASTER SHEET)'!F101 -> REP LOG
A102: ='Week 2 (MASTER SHEET)'!A102 -> 1 | B102: ='Week 2 (MASTER SHEET)'!B102 -> 85 | C102: ='Week 2 (MASTER SHEET)'!C102 -> 20 | D102: ='Week 2 (MASTER SHEET)'!D102 -> 1 MIN | E102: ='Week 2 (MASTER SHEET)'!E102 | F102: 10
A103: ='Week 2 (MASTER SHEET)'!A103 -> 2 | B103: ='Week 2 (MASTER SHEET)'!B103 | C103: ='Week 2 (MASTER SHEET)'!C103 -> 20 | D103: ='Week 2 (MASTER SHEET)'!D103 -> 1 MIN | E103: ='Week 2 (MASTER SHEET)'!E103 | F103: 10
A104: ='Week 2 (MASTER SHEET)'!A104 -> 3 | B104: ='Week 2 (MASTER SHEET)'!B104 -> 0 | C104: ='Week 2 (MASTER SHEET)'!C104 -> 20 | D104: ='Week 2 (MASTER SHEET)'!D104 -> 1 MIN | E104: ='Week 2 (MASTER SHEET)'!E104 | F104: 12
A105: FINAL MAX | B105: ='Week 2 (MASTER SHEET)'!B105
A108: ='Week 2 (MASTER SHEET)'!A108 -> 4. LEG CURL | G108: ALTERNATE | H108: ='Week 2 (MASTER SHEET)'!H108 -> 4. PRONE LEG CURL
A109: ='Week 2 (MASTER SHEET)'!A109 -> CURRENT MAX | B109: ='Week 2 (MASTER SHEET)'!B109 -> 105 | H109: ='Week 2 (MASTER SHEET)'!H109 -> CURRENT MAX | I109: ='Week 2 (MASTER SHEET)'!I109 -> 95
A110: ='Week 2 (MASTER SHEET)'!A110 -> SET | B110: ='Week 2 (MASTER SHEET)'!B110 -> WEIGHT | C110: ='Week 2 (MASTER SHEET)'!C110 -> REPS | D110: ='Week 2 (MASTER SHEET)'!D110 -> REST | E110: ='Week 2 (MASTER SHEET)'!E110 -> PREVIOUS | F110: ='Week 2 (MASTER SHEET)'!F110 -> REP LOG | H110: ='Week 2 (MASTER SHEET)'!H110 -> SET | I110: ='Week 2 (MASTER SHEET)'!I110 -> WEIGHT | J110: ='Week 2 (MASTER SHEET)'!J110 -> REPS | K110: ='Week 2 (MASTER SHEET)'!K110 -> REST | L110: ='Week 2 (MASTER SHEET)'!L110 -> PREVIOUS | M110: ='Week 2 (MASTER SHEET)'!M110 -> REP LOG
A111: ='Week 2 (MASTER SHEET)'!A111 -> 1 | B111: ='Week 2 (MASTER SHEET)'!B111 -> 110 | C111: ='Week 2 (MASTER SHEET)'!C111 -> 20 | D111: ='Week 2 (MASTER SHEET)'!D111 -> 1 MIN | E111: ='Week 2 (MASTER SHEET)'!E111 | F111: 12 | H111: ='Week 2 (MASTER SHEET)'!H111 -> 1 | I111: ='Week 2 (MASTER SHEET)'!I111 -> 95 | J111: ='Week 2 (MASTER SHEET)'!J111 -> 20 | K111: ='Week 2 (MASTER SHEET)'!K111 -> 1 MIN | L111: ='Week 2 (MASTER SHEET)'!L111
A112: ='Week 2 (MASTER SHEET)'!A112 -> 2 | B112: ='Week 2 (MASTER SHEET)'!B112 -> 105 | C112: ='Week 2 (MASTER SHEET)'!C112 -> 20 | D112: ='Week 2 (MASTER SHEET)'!D112 -> 1 MIN | E112: ='Week 2 (MASTER SHEET)'!E112 | F112: 19 | H112: ='Week 2 (MASTER SHEET)'!H112 -> 2 | I112: ='Week 2 (MASTER SHEET)'!I112 -> 75 | J112: ='Week 2 (MASTER SHEET)'!J112 -> REP OUT | K112: ='Week 2 (MASTER SHEET)'!K112 -> 1 MIN | L112: ='Week 2 (MASTER SHEET)'!L112
A113: ='Week 2 (MASTER SHEET)'!A113 -> 3 | B113: ='Week 2 (MASTER SHEET)'!B113 -> 105 | C113: ='Week 2 (MASTER SHEET)'!C113 -> 20 | D113: ='Week 2 (MASTER SHEET)'!D113 -> 1 MIN | E113: ='Week 2 (MASTER SHEET)'!E113 | F113: 12 | H113: ='Week 2 (MASTER SHEET)'!H113 -> 3 | I113: ='Week 2 (MASTER SHEET)'!I113 -> 60 | J113: ='Week 2 (MASTER SHEET)'!J113 -> REP OUT | K113: ='Week 2 (MASTER SHEET)'!K113 -> 1 MIN | L113: ='Week 2 (MASTER SHEET)'!L113
A114: FINAL MAX | B114: ='Week 2 (MASTER SHEET)'!B114 -> 105 | H114: ='Week 2 (MASTER SHEET)'!H114 -> FINAL MAX | I114: ='Week 2 (MASTER SHEET)'!I114 -> 95
A116: ='Week 2 (MASTER SHEET)'!A116 -> DAY 3
A118: ='Week 2 (MASTER SHEET)'!A118 -> CLICK TO COMPLETE WORKOUT
A119: SHOULDERS & ARMS
A120: ='Week 2 (MASTER SHEET)'!A120 -> 1. SHOULDER CLEANS
A121: ='Week 2 (MASTER SHEET)'!A121 -> SHLDR PRSS MAX | B121: 30
A122: ='Week 2 (MASTER SHEET)'!A122 -> SET | B122: ='Week 2 (MASTER SHEET)'!B122 -> WEIGHT | C122: ='Week 2 (MASTER SHEET)'!C122 -> REPS | D122: ='Week 2 (MASTER SHEET)'!D122 -> REST | E122: ='Week 2 (MASTER SHEET)'!E122 -> PREVIOUS | F122: ='Week 2 (MASTER SHEET)'!F122 -> REP LOG
A123: ='Week 2 (MASTER SHEET)'!A123 -> 1 | B123: ='Week 2 (MASTER SHEET)'!B123 -> 10 | C123: ='Week 2 (MASTER SHEET)'!C123 -> 20 | D123: ='Week 2 (MASTER SHEET)'!D123 -> 1 MIN | E123: ='Week 2 (MASTER SHEET)'!E123 | F123: 20
A124: ='Week 2 (MASTER SHEET)'!A124 -> 2 | B124: ='Week 2 (MASTER SHEET)'!B124 -> 10 | C124: ='Week 2 (MASTER SHEET)'!C124 -> 20 | D124: ='Week 2 (MASTER SHEET)'!D124 -> 1 MIN | E124: ='Week 2 (MASTER SHEET)'!E124 | F124: 20
A125: ='Week 2 (MASTER SHEET)'!A125 -> 3 | B125: ='Week 2 (MASTER SHEET)'!B125 -> 10 | C125: ='Week 2 (MASTER SHEET)'!C125 -> 20 | D125: ='Week 2 (MASTER SHEET)'!D125 -> 1 MIN | E125: ='Week 2 (MASTER SHEET)'!E125 | F125: 20
A128: ='Week 2 (MASTER SHEET)'!A128 -> 2. Dumbbell REAR DELT FLY
A129: ='Week 2 (MASTER SHEET)'!A129 -> SHLDR PRESS MAX | B129: 30
A130: ='Week 2 (MASTER SHEET)'!A130 -> SET | B130: ='Week 2 (MASTER SHEET)'!B130 -> WEIGHT | C130: ='Week 2 (MASTER SHEET)'!C130 -> REPS | D130: ='Week 2 (MASTER SHEET)'!D130 -> REST | E130: ='Week 2 (MASTER SHEET)'!E130 -> PREVIOUS | F130: ='Week 2 (MASTER SHEET)'!F130 -> REP LOG
A131: ='Week 2 (MASTER SHEET)'!A131 -> 1 | B131: ='Week 2 (MASTER SHEET)'!B131 -> 5 | C131: ='Week 2 (MASTER SHEET)'!C131 -> 20 | D131: ='Week 2 (MASTER SHEET)'!D131 -> 1 - MIN | E131: ='Week 2 (MASTER SHEET)'!E131 | F131: 20
A132: ='Week 2 (MASTER SHEET)'!A132 -> 2 | B132: ='Week 2 (MASTER SHEET)'!B132 -> 5 | C132: ='Week 2 (MASTER SHEET)'!C132 -> 20 | D132: ='Week 2 (MASTER SHEET)'!D132 -> 1 - MIN | E132: ='Week 2 (MASTER SHEET)'!E132 | F132: 20
...

Sheet Week 2 (MASTER SHEET)
A9: Week 2
A10: ='Week 1 MASTER SHEET'!A10 -> PRESS TO RECORD BODY WEIGHT
A12: This Weeks Goals
A13: This week we are going to continue to attemp new maxes in some areas as well as go for max repititions in others. Be sure to push your hardest and keep good form.
A16: DAY 1 | H16: ALTERNATE WORKOUTS
A19: CHEST & BACK | H19: CHEST & BACK
A20: =HYPERLINK("https://youtu.be/ujVN-A0Z-ic","1. DUMBBELL INCLINE PRESS") -> 1. DUMBBELL INCLINE PRESS | H20: =HYPERLINK("https://youtu.be/75e_H9Vq_Lw","1. MACHINE PRESS") -> 1. MACHINE PRESS
A21: CURRENT MAX | B21: 20 | H21: CURRENT MAX | I21: ='WEEK 1 '!I32
A22: SET | B22: WEIGHT | C22: REPS | D22: REST | E22: PREVIOUS | F22: REP LOG | H22: SET | I22: WEIGHT | J22: REPS | K22: REST | L22: PREVIOUS | M22: REP LOG
A23: 1 | B23: =mround('WEEK 2'!B21*0.35,5) -> 25 | C23: 6 | D23: 1 MIN | E23: =IF('WEEK 1 '!P22='WEEK 2'!B23,'WEEK 1 '!T22,"") -> 6 | H23: 1 | I23: =mround('WEEK 2'!I21*0.35,5) -> 0 | J23: 6 | K23: 1 MIN | L23: =IF('WEEK 1 '!I22='WEEK 2'!I23,'WEEK 1 '!M22,"")
A24: 2 | B24: =mround('WEEK 2'!B21*0.65,5) -> 50 | C24: 1 | D24: 1 MIN | E24: =IF('WEEK 1 '!P23='WEEK 2'!B24,'WEEK 1 '!T23,"") -> 1 | H24: 2 | I24: =mround('WEEK 2'!I21*0.65,5) -> 0 | J24: 1 | K24: 1 MIN | L24: =IF('WEEK 1 '!I23='WEEK 2'!I24,'WEEK 1 '!M23,"")
A25: 3 | B25: =mround('WEEK 2'!B21*0.85,5) -> 65 | C25: 1 | D25: 1 MIN | E25: =IF('WEEK 1 '!P24='WEEK 2'!B25,'WEEK 1 '!T24,"") -> 1 | H25: 3 | I25: =mround('WEEK 2'!I21*0.85,5) -> 0 | J25: 1 | K25: 1 MIN | L25: =IF('WEEK 1 '!I24='WEEK 2'!I25,'WEEK 1 '!M24,"")
A26: 4 | B26: =mround('WEEK 2'!B21*1,5) -> 75 | C26: REP OUT | D26: 1 MIN | E26: =IF('WEEK 1 '!P25='WEEK 2'!B26,'WEEK 1 '!T25,"") -> 6 | H26: 4 | I26: =mround('WEEK 2'!I21*1,5) -> 0 | J26: REP OUT | K26: 1 MIN | L26: =IF('WEEK 1 '!I25='WEEK 2'!I26,'WEEK 1 '!M25,"")
A27: =IF(OR(ISBLANK('WEEK 2'!F26),ISBLANK('WEEK 2'!F25),ISBLANK('WEEK 2'!F24)),"PROCEED TO DOWNSETS",if('WEEK 2'!F26>=6,"NEW 4 REP MAX ATTEMPT","PROCEED TO DOWN SETS")) -> NEW 4 REP MAX ATTEMPT | G27: ALTERNATE | H27: =IF(OR(ISBLANK('WEEK 2'!M26),ISBLANK('WEEK 2'!M25),ISBLANK('WEEK 2'!M24)),"PROCEED TO DOWNSETS",if('WEEK 2'!M26>=6,"NEW 4 REP MAX ATTEMPT","PROCEED TO DOWN SETS")) -> PROCEED TO DOWNSETS
A28: =IF(OR(ISBLANK('WEEK 2'!F26),ISBLANK('WEEK 2'!F25),ISBLANK('WEEK 2'!F24)),"",IF('WEEK 2'!F26>=6,5,"")) -> 5 | B28: =IF(OR(ISBLANK('WEEK 2'!F26),ISBLANK('WEEK 2'!F25),ISBLANK('WEEK 2'!F24)),"",IF('WEEK 2'!F26>=6,'WEEK 2'!B21+5,"")) -> 80 | C28: =IF(OR(ISBLANK('WEEK 2'!F26),ISBLANK('WEEK 2'!F25),ISBLANK('WEEK 2'!F24)),"",IF('WEEK 2'!F26>=6,"REP OUT","")) -> REP OUT | D28: =IF(OR(ISBLANK('WEEK 2'!F26),ISBLANK('WEEK 2'!F25),ISBLANK('WEEK 2'!F24)),"",IF('WEEK 2'!F26>5,"1 MIN","")) -> 1 MIN | E28: =IF('WEEK 1 '!P27='WEEK 2'!B28,'WEEK 1 '!T27,"") -> 3 | H28: =IF(OR(ISBLANK('WEEK 2'!M26),ISBLANK('WEEK 2'!M25),ISBLANK('WEEK 2'!M24)),"",IF('WEEK 2'!M26>=6,5,"")) | I28: =IF(OR(ISBLANK('WEEK 2'!M26),ISBLANK('WEEK 2'!M25),ISBLANK('WEEK 2'!M24)),"",IF('WEEK 2'!M26>=6,'WEEK 2'!I21+5,"")) | J28: =IF(OR(ISBLANK('WEEK 2'!M26),ISBLANK('WEEK 2'!M25),ISBLANK('WEEK 2'!M24)),"",IF('WEEK 2'!M26>=6,"REP OUT","")) | K28: =IF(OR(ISBLANK('WEEK 2'!M26),ISBLANK('WEEK 2'!M25),ISBLANK('WEEK 2'!M24)),"",IF('WEEK 2'!M26>5,"1 MIN","")) | L28: =IF('WEEK 1 '!I27='WEEK 2'!I28,'WEEK 1 '!M27,"")
A29: =IF(OR(ISBLANK('WEEK 2'!F26),ISBLANK('WEEK 2'!F25),ISBLANK('WEEK 2'!F24)),"FILL OUT REP LOG FIRST","DOWN SETS") -> DOWN SETS | H29: =IF(OR(ISBLANK('WEEK 2'!M26),ISBLANK('WEEK 2'!M25),ISBLANK('WEEK 2'!M24)),"FILL OUT REP LOG FIRST","DOWN SETS") -> FILL OUT REP LOG FIRST
A30: =IF('WEEK 2'!F28>=4,"",IF(OR(ISBLANK('WEEK 2'!F26),ISBLANK('WEEK 2'!F25),ISBLANK('WEEK 2'!F24)),"",IF('WEEK 2'!F26>5,6,5))) -> 6 | B30: =IF('WEEK 2'!F28>=4,"",IF(OR(ISBLANK('WEEK 2'!F26),ISBLANK('WEEK 2'!F25),ISBLANK('WEEK 2'!F24)),"",IF('WEEK 2'!F26<6,mround('WEEK 2'!B21*0.8,5),IF('WEEK 2'!F26<10,mround('WEEK 2'!B21*0.93,5),mround('WEEK 2'!B21*0.7,5))))) -> 70 | C30: =IF('WEEK 2'!F28>=4,"",IF(OR(ISBLANK('WEEK 2'!F26),ISBLANK('WEEK 2'!F25),ISBLANK('WEEK 2'!F24)),"","REP OUT")) -> REP OUT | D30: =IF('WEEK 2'!F28>=4,"",IF(OR(ISBLANK('WEEK 2'!F26),ISBLANK('WEEK 2'!F25),ISBLANK('WEEK 2'!F24)),"","1 MIN")) -> 1 MIN | E30: =IF('WEEK 1 '!P29='WEEK 2'!B30,'WEEK 1 '!T29,"") -> 6 | H30: =IF('WEEK 2'!M28>=4,"",IF(OR(ISBLANK('WEEK 2'!M26),ISBLANK('WEEK 2'!M25),ISBLANK('WEEK 2'!M24)),"",IF('WEEK 2'!M26>5,6,5))) | I30: =IF('WEEK 2'!M28>=4,"",IF(OR(ISBLANK('WEEK 2'!M26),ISBLANK('WEEK 2'!M25),ISBLANK('WEEK 2'!M24)),"",IF('WEEK 2'!M26<6,mround('WEEK 2'!I21*0.8,5),IF('WEEK 2'!M26<10,mround('WEEK 2'!I21*0.93,5),mround('WEEK 2'!I21*0.7,5))))) | J30: =IF('WEEK 2'!M28>=4,"",IF(OR(ISBLANK('WEEK 2'!M26),ISBLANK('WEEK 2'!M25),ISBLANK('WEEK 2'!M24)),"","REP OUT")) | K30: =IF('WEEK 2'!M28>=4,"",IF(OR(ISBLANK('WEEK 2'!M26),ISBLANK('WEEK 2'!M25),ISBLANK('WEEK 2'!M24)),"","1 MIN")) | L30: =IF('WEEK 1 '!I29='WEEK 2'!I30,'WEEK 1 '!M29,"")
A31: =IF('WEEK 2'!F28>=4,"",IF(OR(ISBLANK('WEEK 2'!F26),ISBLANK('WEEK 2'!F25),ISBLANK('WEEK 2'!F24)),"",IF('WEEK 2'!F26>5,7,6))) -> 7 | B31: =IF('WEEK 2'!F28>=4,"",IF(OR(ISBLANK('WEEK 2'!F26),ISBLANK('WEEK 2'!F25),ISBLANK('WEEK 2'!F24)),"",IF('WEEK 2'!F26<6,mround('WEEK 2'!B21*0.65,5),IF('WEEK 2'!F26<10,mround('WEEK 2'!B21*0.7,5),mround('WEEK 2'!B21*0.65,5))))) -> 55 | C31: =IF('WEEK 2'!F28>=4,"",IF(OR(ISBLANK('WEEK 2'!F26),ISBLANK('WEEK 2'!F25),ISBLANK('WEEK 2'!F24)),"","REP OUT")) -> REP OUT | D31: =IF('WEEK 2'!F28>=4,"",IF(OR(ISBLANK('WEEK 2'!F26),ISBLANK('WEEK 2'!F25),ISBLANK('WEEK 2'!F24)),"","1 MIN")) -> 1 MIN | E31: =IF('WEEK 1 '!P30='WEEK 2'!B31,'WEEK 1 '!T30,"") -> 10 | H31: =IF('WEEK 2'!M28>=4,"",IF(OR(ISBLANK('WEEK 2'!M26),ISBLANK('WEEK 2'!M25),ISBLANK('WEEK 2'!M24)),"",IF('WEEK 2'!M26>5,7,6))) | I31: =IF('WEEK 2'!M28>=4,"",IF(OR(ISBLANK('WEEK 2'!M26),ISBLANK('WEEK 2'!M25),ISBLANK('WEEK 2'!M24)),"",IF('WEEK 2'!M26<6,mround('WEEK 2'!I21*0.65,5),IF('WEEK 2'!M26<10,mround('WEEK 2'!I21*0.7,5),mround('WEEK 2'!I21*0.65,5))))) | J31: =IF('WEEK 2'!M28>=4,"",IF(OR(ISBLANK('WEEK 2'!M26),ISBLANK('WEEK 2'!M25),ISBLANK('WEEK 2'!M24)),"","REP OUT")) | K31: =IF('WEEK 2'!M28>=4,"",IF(OR(ISBLANK('WEEK 2'!M26),ISBLANK('WEEK 2'!M25),ISBLANK('WEEK 2'!M24)),"","1 MIN")) | L31: =IF('WEEK 1 '!I30='WEEK 2'!I31,'WEEK 1 '!M30,"")
A32: =IF('WEEK 2'!F28<4,"",IF(OR(ISBLANK('WEEK 2'!F26),ISBLANK('WEEK 2'!F25),ISBLANK('WEEK 2'!F24)),"",IF('WEEK 2'!F28>3,6,5))) | B32: =IF('WEEK 2'!F28<4,"",IF(OR(ISBLANK('WEEK 2'!F26),ISBLANK('WEEK 2'!F25),ISBLANK('WEEK 2'!F24)),"",IF('WEEK 2'!F28<6,mround('WEEK 2'!B34*0.8,5),IF('WEEK 2'!F28<10,mround('WEEK 2'!B34*0.93,5),mround(B34*0.7,5))))) | C32: =IF('WEEK 2'!F28<4,"",IF(OR(ISBLANK('WEEK 2'!F26),ISBLANK('WEEK 2'!F25),ISBLANK('WEEK 2'!F24)),"","REP OUT")) | D32: =IF('WEEK 2'!F28<4,"",IF(OR(ISBLANK('WEEK 2'!F26),ISBLANK('WEEK 2'!F25),ISBLANK('WEEK 2'!F24)),"","1 MIN")) | E32: =IF('WEEK 1 '!P31='WEEK 2'!B32,'WEEK 1 '!T31,"") | H32: =IF('WEEK 2'!M28<4,"",IF(OR(ISBLANK('WEEK 2'!M26),ISBLANK('WEEK 2'!M25),ISBLANK('WEEK 2'!M24)),"",IF('WEEK 2'!M28>3,6,5))) | I32: =IF('WEEK 2'!M28<4,"",IF(OR(ISBLANK('WEEK 2'!M26),ISBLANK('WEEK 2'!M25),ISBLANK('WEEK 2'!M24)),"",IF('WEEK 2'!M28<6,mround('WEEK 2'!I34*0.8,5),IF('WEEK 2'!M28<10,mround('WEEK 2'!I34*0.93,5),mround('WEEK 2'!I34*0.93,5))))) | J32: =IF('WEEK 2'!M28<4,"",IF(OR(ISBLANK('WEEK 2'!M26),ISBLANK('WEEK 2'!M25),ISBLANK('WEEK 2'!M24)),"","REP OUT")) | K32: =IF('WEEK 2'!M28<4,"",IF(OR(ISBLANK('WEEK 2'!M26),ISBLANK('WEEK 2'!M25),ISBLANK('WEEK 2'!M24)),"","1 MIN")) | L32: =IF('WEEK 1 '!I31='WEEK 2'!I32,'WEEK 1 '!M31,"")
A33: =IF('WEEK 2'!F28<4,"",IF(OR(ISBLANK('WEEK 2'!F26),ISBLANK('WEEK 2'!F25),ISBLANK('WEEK 2'!F24)),"",IF('WEEK 2'!F28>3,7,""))) | B33: =IF('WEEK 2'!F28<4,"",IF(OR(ISBLANK('WEEK 2'!F26),ISBLANK('WEEK 2'!F25),ISBLANK('WEEK 2'!F24)),"",IF('WEEK 2'!F28<6,mround('WEEK 2'!B34*0.65,5),IF('WEEK 2'!F28<10,mround('WEEK 2'!B34*0.7,5),mround(B34*0.65,5))))) | C33: =IF('WEEK 2'!F28<4,"",IF(OR(ISBLANK('WEEK 2'!F26),ISBLANK('WEEK 2'!F25),ISBLANK('WEEK 2'!F24)),"","REP OUT")) | D33: =IF('WEEK 2'!F28<4,"",IF(OR(ISBLANK('WEEK 2'!F26),ISBLANK('WEEK 2'!F25),ISBLANK('WEEK 2'!F24)),"","1 MIN")) | E33: =IF('WEEK 1 '!P32='WEEK 2'!B33,'WEEK 1 '!T32,"") | H33: =IF('WEEK 2'!M28<4,"",IF(OR(ISBLANK('WEEK 2'!M26),ISBLANK('WEEK 2'!M25),ISBLANK('WEEK 2'!M24)),"",IF('WEEK 2'!M28>3,7,""))) | I33: =IF('WEEK 2'!M28<4,"",IF(OR(ISBLANK('WEEK 2'!M26),ISBLANK('WEEK 2'!M25),ISBLANK('WEEK 2'!M24)),"",IF('WEEK 2'!M28<6,mround('WEEK 2'!I34*0.65,5),IF('WEEK 2'!M28<10,mround('WEEK 2'!I34*0.7,5),mround('WEEK 2'!I34*0.7,5))))) | J33: =IF('WEEK 2'!M28<4,"",IF(OR(ISBLANK('WEEK 2'!M26),ISBLANK('WEEK 2'!M25),ISBLANK('WEEK 2'!M24)),"","REP OUT")) | K33: =IF('WEEK 2'!M28<4,"",IF(OR(ISBLANK('WEEK 2'!M26),ISBLANK('WEEK 2'!M25),ISBLANK('WEEK 2'!M24)),"","1 MIN")) | L33: =IF('WEEK 1 '!I32='WEEK 2'!I33,'WEEK 1 '!M32,"")
A34: FINAL MAX | B34: =IF(OR(ISBLANK('WEEK 2'!F24),ISBLANK('WEEK 2'!F25),ISBLANK('WEEK 2'!F26)),"",IF('WEEK 2'!F28>=4,'WEEK 2'!B28,IF('WEEK 2'!F26<=3,'WEEK 2'!B26-5,'WEEK 2'!B26))) -> 75 | H34: FINAL MAX | I34: =IF(OR(ISBLANK('WEEK 2'!M24),ISBLANK('WEEK 2'!M25),ISBLANK('WEEK 2'!M26)),"",IF('WEEK 2'!M28>=4,'WEEK 2'!I28,IF('WEEK 2'!M26<=3,'WEEK 2'!I26-5,'WEEK 2'!I26)))
A37: =HYPERLINK("https://www.youtube.com/watch?v=mGv8D2DGyNQ","2. DUMBBELL CHEST FLY") -> 2. DUMBBELL CHEST FLY | H37: =HYPERLINK("https://www.youtube.com/watch?v=THb0dhfIu1k","2. MACHINE CHEST FLY") -> 2. MACHINE CHEST FLY
A38: DB INCLINE MAX | B38: =B34 -> 75 | H38: DB INCLINE MAX | I38: =B38 -> 75
A39: SET | B39: WEIGHT | C39: REPS | D39: REST | E39: PREVIOUS | F39: REP LOG | H39: SET | I39: WEIGHT | J39: REPS | K39: REST | L39: PREVIOUS | M39: REP LOG
A40: 1 | B40: =mround(B38*0.29,2.5) -> 22.5 | C40: 15 | D40: 1 MIN | E40: =IF('WEEK 1 '!P37='WEEK 2'!B40,'WEEK 1 '!F37,"") | H40: 1 | I40: =mround(I38*2*0.75,10) -> 110 | J40: 15 | K40: 1 MIN | L40: =IF('WEEK 1 '!W37='WEEK 2'!I40,'WEEK 1 '!M37,"")
A41: 2 | B41: =mround(B38*0.29,2.5) -> 22.5 | C41: 15 | D41: 1 MIN | E41: =IF('WEEK 1 '!P38='WEEK 2'!B41,'WEEK 1 '!F38,"") | H41: 2 | I41: =mround(I38*2*0.75,10) -> 110 | J41: 15 | K41: 1 MIN | L41: =IF('WEEK 1 '!W38='WEEK 2'!I41,'WEEK 1 '!M38,"")
A44: =HYPERLINK("https://youtu.be/9YH1YvZbiY0","3. MACHINE LOW ROW ") -> 3. MACHINE LOW ROW
A45: CURRENT MAX | B45: ='DETERMINING MAX WEEK'!E63 -> 205
A46: SET | B46: WEIGHT | C46: REPS | D46: REST | E46: PREVIOUS | F46: REP LOG
A47: 1 | B47: =mround('WEEK 2'!B45*0.35,5) -> 70 | C47: 6 | D47: 30s
A48: 2 | B48: =mround('WEEK 2'!B45*0.65,5) -> 135 | C48: 3 | D48: 1-2 MIN
A49: 3 | B49: =mround('WEEK 2'!B45*0.9,5) -> 185 | C49: 2 | D49: 1-2 MIN
A50: 4 | B50: ='WEEK 2'!B45 -> 205 | C50: 3 | D50: 1-5 MIN
A51: =IF('WEEK 2'!F50<3,"PROCEED TO DOWN SETS","NEW 4 REP MAX ATTEMPT") -> PROCEED TO DOWN SETS
A52: =if('WEEK 2'!F50<=2,"",5) | B52: =IF('WEEK 2'!F50<=2,"",'WEEK 2'!B50+5) | C52: =if('WEEK 2'!F50<=2,"",4) | D52: =if('WEEK 2'!F50<=2,"","1-5 MIN")
A53: =IF('WEEK 2'!F52<4,"","6") | B53: =IF('WEEK 2'!F52<4,"",'WEEK 2'!B52+5) | C53: =IF('WEEK 2'!F52<4,"","4") | D53: =IF('WEEK 2'!F52<4,"","1-5 MIN")
A54: DOWN SETS
A55: =IF(OR(ISBLANK('WEEK 2'!F50),ISBLANK('WEEK 2'!F49),ISBLANK('WEEK 2'!F48)),"",IF((AND('WEEK 2'!A52="",'WEEK 2'!A53="")),5,IF((AND('WEEK 2'!A52>1,'WEEK 2'!A53="")),6,7))) | B55: =MROUND('WEEK 2'!B57*0.8,5) -> 0 | C55: REP OUT | D55: 1-3 MIN
A56: =IF(OR(ISBLANK('WEEK 2'!F50),ISBLANK('WEEK 2'!F49),ISBLANK('WEEK 2'!F48)),"",IF((AND('WEEK 2'!A52="",'WEEK 2'!A53="")),6,IF((AND('WEEK 2'!A52>1,'WEEK 2'!A53="")),7,8))) | B56: =mround('WEEK 2'!B57*0.7,5) -> 0 | C56: REP OUT | D56: 1-3 MIN
A57: FINAL MAX | B57: =IF(OR(ISBLANK('WEEK 2'!F50),ISBLANK('WEEK 2'!F49),ISBLANK('WEEK 2'!F48)),"",IF('WEEK 2'!F53>=4,'WEEK 2'!B53,IF('WEEK 2'!F52>=1,'WEEK 2'!B52,IF('WEEK 2'!F50<3,'WEEK 2'!B50-5,'WEEK 2'!B50))))
A59: =HYPERLINK("https://youtu.be/hMUUvL3FlkE","4. HIGH ROW") -> 4. HIGH ROW
A60: CURRENT MAX | B60: ='WEEK 1 '!B66 -> 60
A61: SET | B61: WEIGHT | C61: REPS | D61: REST | E61: PREVIOUS | F61: REP LOG
A62: 1 | B62: =mround('WEEK 2'!B60*0.85,5) -> 50 | C62: REP OUT | D62: 1 MIN | E62: =IF('WEEK 1 '!B68='WEEK 2'!B62,'WEEK 1 '!F68,"") -> 7
A63: 2 | B63: =IF('WEEK 2'!F62<6,MROUND('WEEK 2'!B60*0.75,5),IF('WEEK 2'!F62<=11,MROUND('WEEK 2'!B60*0.85,5),'WEEK 2'!B62)) -> 50 | C63: REP OUT | D63: 1 MIN | E63: =IF('WEEK 1 '!B69='WEEK 2'!B63,'WEEK 1 '!F69,"") -> 10
A64: 3 | B64: =IF('WEEK 2'!F63<6,MROUND('WEEK 2'!B60*0.75,5),IF('WEEK 2'!F63<=11,MROUND('WEEK 2'!B60*0.85,5),'WEEK 2'!B63)) -> 50 | C64: REP OUT | D64: 1 MIN | E64: =IF('WEEK 1 '!B70='WEEK 2'!B64,'WEEK 1 '!F70,"")
A67: =HYPERLINK("https://www.youtube.com/watch?v=PnaDzYh2axA","5. LAT PULL DOWN") -> 5. LAT PULL DOWN
A68: CURRENT MAX | B68: =if('WEEK 1 '!B54="",'WEEK 1 '!B42,'WEEK 1 '!B54) -> 260
A69: SET | B69: WEIGHT | C69: REPS | D69: REST | E69: PREVIOUS | F69: REP LOG
A70: 1 | B70: ='WEEK 2'!B68*0.8 -> 208 | C70: REP OUT | D70: 1 MIN
A71: 2 | B71: =IF('WEEK 2'!F70<6,MROUND('WEEK 2'!B70*0.85,5),IF('WEEK 2'!F70<=11,MROUND('WEEK 2'!B70*0.95,5),'WEEK 2'!B70)) -> 200 | C71: REP OUT | D71: 1 MIN
A72: 3 | B72: =IF('WEEK 2'!F71<6,MROUND('WEEK 2'!B71*0.85,5),IF('WEEK 2'!F71<=11,MROUND('WEEK 2'!B71*0.95,5),'WEEK 2'!B71)) -> 190 | C72: REP OUT | D72: 1 MIN
A74: =HYPERLINK("https://docs.google.com/a/fitnessresults.com/forms/d/e/1FAIpQLSd7MoczESe8Yjv6BKpmwAZGn9Aiymrs9-UdgfYIUpbr9t5NXg/viewform?usp=pp_url&entry.93370101","CLICK TO COMPLETE WORKOUT") -> CLICK TO COMPLETE WORKOUT
A77: DAY 2
A79: LEGS
A80: =HYPERLINK("https://www.youtube.com/watch?v=ZjpkMnGZjTQ"," 1. SISSY SQUATS") -> 1. SISSY SQUATS
A81: SET | B81: WEIGHT | C81: REPS | D81: REST | E81: PREVIOUS | F81: REP LOG
A82: 1 | B82: BODY | C82: 10 | D82: 1-2 MIN
A83: 2 | B83: BODY | C83: 10 | D83: 1-2 MIN
A86: =HYPERLINK("https://www.youtube.com/watch?v=dVterVQksD4","2. LEG PRESS") -> 2. LEG PRESS
A87: CURRENT MAX | B87: ='Week 1 MASTER SHEET'!B84 -> 100
A88: SET | B88: WEIGHT | C88: REPS | D88: REST | E88: PREVIOUS | F88: REP LOG
A89: 1 | B89: =mround('WEEK 2'!B87*0.5,5) -> 120 | C89: 20 | D89: 1-5 MIN | E89: =IF('WEEK 1 '!E86='WEEK 2'!B89,'WEEK 1 '!F86,"")
A90: 2 | B90: =mround('WEEK 2'!B87*0.65,5) -> 155 | C90: 20 | D90: 1-5 MIN | E90: =IF('WEEK 1 '!E87='WEEK 2'!B90,'WEEK 1 '!F87,"")
A91: 3 | B91: =mround('WEEK 2'!B87*0.8,5) -> 190 | C91: 20 | D91: 1-5 MIN | E91: =IF('WEEK 1 '!E88='WEEK 2'!B91,'WEEK 1 '!F88,"")
A92: 4 | B92: =mround('WEEK 2'!B87*0.95,5) -> 230 | C92: 15 | D92: 1-5 MIN | E92: =IF('WEEK 1 '!E89='WEEK 2'!B92,'WEEK 1 '!F89,"")
A93: 5 | B93: =mround('WEEK 2'!B87*1.05,5) -> 250 | C93: 10 - 20 | D93: 1-5 MIN | E93: =IF('WEEK 1 '!E90='WEEK 2'!B93,'WEEK 1 '!F90,"")
A94: 6 | B94: =IF('WEEK 2'!F93<11,mround('WEEK 2'!B93*0.95,5),mround('WEEK 2'!B93*1.05,5)) -> 265 | C94: =IF(F93<11,"REP OUT","10 - 20") -> REP OUT | D94: 1-5 MIN | E94: =IF('WEEK 1 '!E91='WEEK 2'!B94,'WEEK 1 '!F91,"")
A95: 7 | B95: =IF('WEEK 2'!F93<11,mround('WEEK 2'!B94*0.95,5),IF('WEEK 2'!F94<10,mround('WEEK 2'!B94*0.95,5),mround('WEEK 2'!B94*1.15,5))) -> 305 | C95: =IF(F93<11,"REP OUT","10 - 20") -> REP OUT | D95: 1-5 MIN | E95: =IF('WEEK 1 '!E92='WEEK 2'!B95,'WEEK 1 '!F92,"")
A96: FINAL MAX | B96: =IF('WEEK 2'!F93<10,'WEEK 2'!B87,IF('WEEK 2'!F93>=10,'WEEK 2'!B93,'WEEK 2'!B87)) -> 250
A99: =HYPERLINK("https://www.youtube.com/watch?v=NZ9KiFtbiMs","3. LEG EXTENSION") -> 3. LEG EXTENSION
A100: CURRENT MAX | B100: =IF('Week 1 MASTER SHEET'!B95='Week 1 MASTER SHEET'!B97,'Week 1 MASTER SHEET'!B95+5,IF('WEEK 1 '!F95<=9,MROUND('WEEK 1 '!B93*0.95,5),'WEEK 1 '!B95)) -> 80
A101: SET | B101: WEIGHT | C101: REPS | D101: REST | E101: PREVIOUS | F101: REP LOG
A102: 1 | B102: =mround('WEEK 2'!B100*1.05,5) -> 85 | C102: 20 | D102: 1 MIN | E102: =IF('WEEK 1 '!B95='WEEK 2'!B102,'WEEK 1 '!F95,"")
A103: 2 | C103: 20 | D103: 1 MIN
A104: 3 | B104: =if('WEEK 2'!F103<8,mround('WEEK 2'!B103*0.8,5),IF('WEEK 2'!F103<=14,MROUND('WEEK 2'!B103*0.95,5),'WEEK 2'!B103)) -> 0 | C104: 20 | D104: 1 MIN
A105: FINAL MAX | B105: =IF('WEEK 2'!F102<10,'WEEK 2'!B100,IF('WEEK 2'!F103>=10,'WEEK 2'!B103,'WEEK 2'!B102))
A108: =HYPERLINK("https://www.youtube.com/watch?v=NZ9KiFtbiMs","4. LEG CURL") -> 4. LEG CURL | H108: =HYPERLINK("https://youtu.be/kmN9cJ79PDE","4. PRONE LEG CURL") -> 4. PRONE LEG CURL
A109: CURRENT MAX | B109: =IF('WEEK 1 '!B103='WEEK 1 '!B105,'WEEK 1 '!B103+5,IF('WEEK 1 '!F103<=9,MROUND('WEEK 1 '!B101*0.95,5),'WEEK 1 '!B103)) -> 105 | H109: CURRENT MAX | I109: =IF('WEEK 1 '!I103='WEEK 1 '!I105,'WEEK 1 '!I103+5,IF('WEEK 1 '!M103<=9,MROUND( 'WEEK 1 '!I101*0.95,5),'WEEK 1 '!I103)) -> 95
A110: SET | B110: WEIGHT | C110: REPS | D110: REST | E110: PREVIOUS | F110: REP LOG | H110: SET | I110: WEIGHT | J110: REPS | K110: REST | L110: PREVIOUS | M110: REP LOG
A111: 1 | B111: =mround('WEEK 2'!B109*1.05,5) -> 110 | C111: 20 | D111: 1 MIN | E111: =IF('WEEK 1 '!B103=B111,'WEEK 1 '!F103,"") | G111: ALTERNATE | H111: 1 | I111: =if('WEEK 1 '!I104='WEEK 1 '!I105,'WEEK 2'!I109,'WEEK 2'!I109) -> 95 | J111: 20 | K111: 1 MIN | L111: =IF('WEEK 1 '!I103=I111,'WEEK 1 '!M103,"")
A112: 2 | B112: =if('WEEK 2'!F111<8,mround('WEEK 2'!B111*0.8,5),IF('WEEK 2'!F111<=14,MROUND('WEEK 2'!B111*0.95,5),'WEEK 2'!B111)) -> 105 | C112: 20 | D112: 1 MIN | E112: =IF('WEEK 1 '!B104=B112,'WEEK 1 '!F104,"") | H112: 2 | I112: =if('WEEK 2'!M111<5,mround('WEEK 2'!I111*0.8,5),IF('WEEK 2'!M111<=10,MROUND('WEEK 2'!I111*0.95,5),'WEEK 2'!I111)) -> 75 | J112: REP OUT | K112: 1 MIN | L112: =IF('WEEK 1 '!I104=I112,'WEEK 1 '!M104,"")
A113: 3 | B113: =if('WEEK 2'!F112<8,mround('WEEK 2'!B112*0.8,5),IF('WEEK 2'!F112<=14,MROUND('WEEK 2'!B112*0.95,5),'WEEK 2'!B112)) -> 105 | C113: 20 | D113: 1 MIN | E113: =IF('WEEK 1 '!B105=B113,'WEEK 1 '!F105,"") | H113: 3 | I113: =if('WEEK 2'!M112<4,mround('WEEK 2'!I112*0.8,5),IF('WEEK 2'!M112<=10,MROUND('WEEK 2'!I112*0.95,5),'WEEK 2'!I112)) -> 60 | J113: REP OUT | K113: 1 MIN | L113: =IF('WEEK 1 '!I105=I113,'WEEK 1 '!M105,"")
A114: FINAL MAX | B114: =IF('WEEK 2'!F111<10,'WEEK 2'!B109,IF('WEEK 2'!F112>=10,'WEEK 2'!B112,'WEEK 2'!B111)) -> 105 | H114: FINAL MAX | I114: =IF('WEEK 2'!M111<10,'WEEK 2'!I109,IF('WEEK 2'!M112>=10,'WEEK 2'!I112,'WEEK 2'!I111)) -> 95
A116: DAY 3
A118: =HYPERLINK("https://docs.google.com/a/fitnessresults.com/forms/d/e/1FAIpQLSd7MoczESe8Yjv6BKpmwAZGn9Aiymrs9-UdgfYIUpbr9t5NXg/viewform?usp=pp_url&entry.93370101","CLICK TO COMPLETE WORKOUT") -> CLICK TO COMPLETE WORKOUT
A119: SHOULDERS & ARMS
A120: =HYPERLINK("https://youtu.be/ZhZ733bUA9Q","1. SHOULDER CLEANS") -> 1. SHOULDER CLEANS
A121: SHLDR PRSS MAX | B121: ='WEEK 1 '!B126 -> 65
A122: SET | B122: WEIGHT | C122: REPS | D122: REST | E122: PREVIOUS | F122: REP LOG
A123: 1 | B123: =mround('WEEK 2'!B121*0.4,5) -> 10 | C123: 20 | D123: 1 MIN
A124: 2 | B124: =if('WEEK 2'!F123<20,mround('WEEK 2'!B121*0.35,5),'WEEK 2'!B123) -> 10 | C124: 20 | D124: 1 MIN
A125: 3 | B125: =if('WEEK 2'!F124<20,mround('WEEK 2'!B124*0.75,5),'WEEK 2'!B124) -> 10 | C125: 20 | D125: 1 MIN
A128: =HYPERLINK("https://www.youtube.com/watch?v=XDLQt1j3qUU","2. Dumbbell REAR DELT FLY ") -> 2. Dumbbell REAR DELT FLY
A129: SHLDR PRESS MAX | B129: ='Week 1 MASTER SHEET'!B126 -> 65
A130: SET | B130: WEIGHT | C130: REPS | D130: REST | E130: PREVIOUS | F130: REP LOG
A131: 1 | B131: =MROUND('WEEK 2'!B129*0.2,2.5) -> 5 | C131: 20 | D131: 1 - MIN
A132: 2 | B132: =if('WEEK 2'!F131<10,mround('WEEK 2'!B131*0.8,5),IF('WEEK 2'!F131<=15,MROUND('WEEK 2'!B131*0.95,5),'WEEK 2'!B131)) -> 5 | C132: 20 | D132: 1 - MIN
A133: 3 | B133: =if('WEEK 2'!F132<10,mround('WEEK 2'!B132*0.8,5),IF('WEEK 2'!F132<=15,MROUND('WEEK 2'!B132*0.95,5),'WEEK 2'!B132)) -> 5 | C133: 20 | D133: 1 - MIN
A136: =HYPERLINK("https://youtu.be/QUNZvtb6mnY","3. DUMBBELL SIDE LATERAL RAISE") -> 3. DUMBBELL SIDE LATERAL RAISE
...

Sheet Week 3 Master Sheet
A9: Week 3
A10: =HYPERLINK("https://goo.gl/forms/3ibooB993Hi7SS2d2","PRESS TO RECORD BODY WEIGHT") -> PRESS TO RECORD BODY WEIGHT
A12: This Weeks Goals
A13: This is what we call percentage week. For the most part we are going to work your body just under it's maximum potential and go for more repititions. There are however a few areas that are excluded from this principle but the general theme of the week is working under your max.
A15: DAY 1 | H15: ALTERNATE WORKOUTS | O15: ALTERNATE WORKOUTS
A18: CHEST & BACK | H18: CHEST & BACK | O18: CHEST & BACK
A19: =HYPERLINK("https://youtu.be/iLgUDezDMbU","1. BENCH PRESS") -> 1. BENCH PRESS | H19: =HYPERLINK("https://youtu.be/75e_H9Vq_Lw","1. MACHINE PRESS") -> 1. MACHINE PRESS | O19: =HYPERLINK("https://youtu.be/4fTS4jsJ-48","1. DUMBBELL INCLINE PRESS") -> 1. DUMBBELL INCLINE PRESS
A20: CURRENT MAX | B20: ='WEEK 1 '!B32 -> 100 | H20: CURRENT MAX | I20: ='WEEK 2'!I34 | O20: CURRENT MAX | P20: =if('WEEK 2'!B34="",'WEEK 2'!B21,'WEEK 2'!B34) -> 75
A21: SET | B21: WEIGHT | C21: REPS | D21: REST | E21: PREVIOUS | F21: REP LOG | H21: SET | I21: WEIGHT | J21: REPS | K21: REST | L21: PREVIOUS | M21: REP LOG | O21: SET | P21: WEIGHT | Q21: REPS | R21: REST | S21: PREVIOUS | T21: REP LOG
A22: 1 | B22: =IF( 'WEEK 3 '!B20<125,45, mround('WEEK 3 '!B20*0.9*0.35,5)) -> 45 | C22: 6 | D22: 30 sec | H22: 1 | I22: =mround('WEEK 3 '!I20*0.9*0.35,5) -> 0 | J22: 6 | K22: 30 sec | O22: 1 | P22: =mround('WEEK 3 '!P20*0.9*0.35,5) -> 25 | Q22: 6 | R22: 30 sec
A23: 2 | B23: =IF( 'WEEK 3 '!B20<70,MROUND('WEEK 3 '!B20*0.78,5),MROUND('WEEK 3 '!B20*0.9*0.72,5)) -> 65 | C23: 1 | D23: 45 sec | H23: 2 | I23: =mround('WEEK 3 '!I20*0.9*0.72,5) -> 0 | J23: 1 | K23: 45 sec | O23: 2 | P23: =mround('WEEK 3 '!P20*0.9*0.72,5) -> 50 | Q23: 1 | R23: 45 sec
A24: 3 | B24: =mround('WEEK 3 '!B20*0.9*0.9,5) -> 80 | C24: 1 | D24: 1 MIN | H24: 3 | I24: =mround('WEEK 3 '!I20*0.9*0.9,5) -> 0 | J24: 1 | K24: 1 MIN | O24: 3 | P24: =mround('WEEK 3 '!P20*0.9*0.9,5) -> 60 | Q24: 1 | R24: 1 MIN
A25: Working Set | G25: ALTERNATE | H25: Working Set | O25: Working Set
A26: SET | B26: WEIGHT | C26: REPS | D26: REST | E26: PREVIOUS | F26: REP LOG | H26: SET | I26: WEIGHT | J26: REPS | K26: REST | L26: PREVIOUS | M26: REP LOG | O26: SET | P26: WEIGHT | Q26: REPS | R26: REST | S26: PREVIOUS | T26: REP LOG
A27: 1 | B27: =mround('WEEK 3 '!B20*1*0.9,5) -> 90 | C27: REP OUT | D27: 1-5 MIN | H27: 1 | I27: =mround('WEEK 3 '!I20*1*0.9,5) -> 0 | J27: REP OUT | K27: 1-5 MIN | O27: 1 | P27: =mround('WEEK 3 '!P20*1*0.9,5) -> 70 | Q27: REP OUT | R27: 1-5 MIN
A28: 2 | B28: =IF('WEEK 3 '!F27<3,MROUND('WEEK 3 '!B27*0.75,5),IF('WEEK 3 '!F27<6,MROUND('WEEK 3 '!B27*0.85,5),mround('WEEK 3 '!B27*0.9,5))) -> 80 | C28: REP OUT | D28: 1-5 MIN | H28: 2 | I28: =IF('WEEK 3 '!M27<3,MROUND('WEEK 3 '!I27*0.75,5),IF('WEEK 3 '!M27<6,MROUND('WEEK 3 '!I27*0.85,5),mround('WEEK 3 '!I27*0.9,5))) -> 0 | J28: REP OUT | K28: 1-5 MIN | O28: 2 | P28: =IF('WEEK 3 '!T27<3,MROUND('WEEK 3 '!P27*0.75,5),IF('WEEK 3 '!T27<6,MROUND('WEEK 3 '!P27*0.85,5),mround('WEEK 3 '!P27*0.9,5))) -> 55 | Q28: REP OUT | R28: 1-5 MIN
A29: 3 | B29: =IF('WEEK 3 '!F28<3,MROUND('WEEK 3 '!B28*0.75,5),IF('WEEK 3 '!F28<6,MROUND('WEEK 3 '!B28*0.85,5),mround('WEEK 3 '!B28*0.9,5))) -> 70 | C29: REP OUT | D29: 1-5 MIN | H29: 3 | I29: =IF('WEEK 3 '!M28<3,MROUND('WEEK 3 '!I28*0.75,5),IF('WEEK 3 '!M28<6,MROUND('WEEK 3 '!I28*0.85,5),mround('WEEK 3 '!I28*0.9,5))) -> 0 | J29: REP OUT | K29: 1-5 MIN | O29: 3 | P29: =IF('WEEK 3 '!T28<3,MROUND('WEEK 3 '!P28*0.75,5),IF('WEEK 3 '!T28<6,MROUND('WEEK 3 '!P28*0.85,5),mround('WEEK 3 '!P28*0.9,5))) -> 40 | Q29: REP OUT | R29: 1-5 MIN
A32: =HYPERLINK("https://www.youtube.com/watch?v=mGv8D2DGyNQ","2. DB CHEST FLY") -> 2. DB CHEST FLY | H32: =HYPERLINK("https://www.youtube.com/watch?v=THb0dhfIu1k","2. MACHINE CHEST FLY") -> 2. MACHINE CHEST FLY
A33: DB INCL MAX | B33: ='WEEK 2'!B38 -> 75 | H33: DB INCL MAX | I33: =B33 -> 75
A34: SET | B34: WEIGHT | C34: REPS | D34: REST | E34: PREVIOUS | F34: REP LOG | H34: SET | I34: WEIGHT | J34: REPS | K34: REST | L34: PREVIOUS | M34: REP LOG
A35: 1 | B35: =mround('WEEK 3 '!B33*0.29,2.5) -> 22.5 | C35: 10 - 15 | D35: 1 MIN | E35: =IF('WEEK 1 '!P32='WEEK 2'!B35,'WEEK 1 '!F32,"") | H35: 1 | I35: =mround('WEEK 3 '!I33*2*0.75,10) -> 110 | J35: 10 - 15 | K35: 1 MIN | L35: =IF('WEEK 1 '!W32='WEEK 2'!I35,'WEEK 1 '!M32,"")
A36: 2 | B36: =mround('WEEK 3 '!B33*0.29,2.5) -> 22.5 | C36: 10 - 15 | D36: 1 MIN | E36: =IF('WEEK 1 '!P33='WEEK 2'!B36,'WEEK 1 '!F33,"") | H36: 2 | I36: =mround('WEEK 3 '!I33*2*0.75,10) -> 110 | J36: 10 - 15 | K36: 1 MIN
A39: =HYPERLINK("https://youtu.be/hMUUvL3FlkE","3. MACHINE HIGH ROW") -> 3. MACHINE HIGH ROW
A40: CURRENT MAX | B40: ='WEEK 2'!B60 -> 60
A41: SET | B41: WEIGHT | C41: REPS | D41: REST | E41: PREVIOUS | F41: REP LOG
A42: 1 | B42: =mround('WEEK 3 '!B40*0.35,5) -> 20 | C42: 6 | D42: 30s | F42: 6
A43: 2 | B43: =mround('WEEK 3 '!B40*0.65,5) -> 40 | C43: 3 | D43: 1-2 MIN | F43: 3
A44: 3 | B44: =mround('WEEK 3 '!B40*0.9,5) -> 55 | C44: 2 | D44: 1-2 MIN | F44: 2
A45: 4 | B45: ='WEEK 3 '!B40 -> 60 | C45: 3 | D45: 1-5 MIN | F45: 3
A46: =IF('WEEK 3 '!F45<3,"PROCEED TO DOWN SETS","NEW 4 REP MAX ATTEMPT") -> NEW 4 REP MAX ATTEMPT
A47: =if('WEEK 3 '!F45<=2,"",5) -> 5 | B47: =IF('WEEK 3 '!F45<=2,"",'WEEK 3 '!B45+5) -> 65 | C47: =if('WEEK 3 '!F45<=2,"",4) -> 4 | D47: =if('WEEK 3 '!F45<=2,"","1-5 MIN") -> 1-5 MIN
A48: =IF('WEEK 3 '!F47<4,"","6") -> 6 | B48: =IF('WEEK 3 '!F47<4,"",'WEEK 3 '!B47+5) -> 70 | C48: =IF('WEEK 3 '!F47<4,"","4") -> 4 | D48: =IF('WEEK 3 '!F47<4,"","1-5 MIN") -> 1-5 MIN
A49: DOWN SETS
A50: =IF('WEEK 3 '!F47>=1,7,IF('WEEK 3 '!F45<1,5,6)) -> 7 | B50: =MROUND('WEEK 3 '!B52*0.8,5) -> 55 | C50: REP OUT | D50: 1-3 MIN
A51: =IF('WEEK 3 '!F47>=1,8,IF('WEEK 3 '!F45<1,6,7)) -> 8 | B51: =mround('WEEK 3 '!B52*0.7,5) -> 50 | C51: REP OUT | D51: 1-3 MIN
A52: FINAL MAX | B52: =IF(OR(ISBLANK('WEEK 3 '!F45),ISBLANK('WEEK 3 '!F44),ISBLANK('WEEK 3 '!F43)),"",IF('WEEK 3 '!F48>=4,'WEEK 3 '!B48,IF('WEEK 3 '!F47>=1,'WEEK 3 '!B47,IF('WEEK 3 '!F45<3,'WEEK 3 '!B45-5,'WEEK 3 '!B45)))) -> 70
A54: =HYPERLINK("https://www.youtube.com/watch?v=PnaDzYh2axA","4. LAT PULL DOWN") -> 4. LAT PULL DOWN
A55: CURRENT MAX | B55: ='WEEK 2'!B68 -> 260
A56: SET | B56: WEIGHT | C56: REPS | D56: REST | E56: PREVIOUS | F56: REP LOG
A57: 1 | B57: =mround('WEEK 3 '!B55*0.9,5) -> 235 | C57: REP OUT | D57: 1 MIN
A58: 2 | B58: =IF('WEEK 3 '!F57<6,MROUND('WEEK 3 '!B55*0.75,5),IF('WEEK 3 '!F57<=11,MROUND('WEEK 3 '!B55*0.85,5),'WEEK 3 '!B57)) -> 195 | C58: REP OUT | D58: 1 MIN
A59: 3 | B59: =IF('WEEK 3 '!F58<6,MROUND('WEEK 3 '!B55*0.75,5),IF('WEEK 3 '!F58<=11,MROUND('WEEK 3 '!B55*0.85,5),'WEEK 3 '!B58)) -> 220 | C59: REP OUT | D59: 1 MIN
A62: =HYPERLINK("https://youtu.be/9YH1YvZbiY0","5. LOW ROW ") -> 5. LOW ROW
A63: CURRENT MAX | B63: ='WEEK 2'!B57
A64: SET | B64: WEIGHT | C64: REPS | D64: REST | E64: PREVIOUS | F64: REP LOG
A65: 1 | B65: =mround('WEEK 3 '!B63*0.85,5) -> 0 | C65: REP OUT | D65: 1-3 MIN
A66: 2 | B66: =IF('WEEK 3 '!F65<6,MROUND('WEEK 3 '!B63*0.75,5),IF('WEEK 3 '!F65<=11,MROUND('WEEK 3 '!B63*0.75,5),'WEEK 3 '!B65)) -> 0 | C66: REP OUT | D66: 1-3 MIN
A67: 3 | B67: =IF('WEEK 3 '!F66<6,MROUND('WEEK 3 '!B66*0.8,5),IF('WEEK 3 '!F66<=11,MROUND('WEEK 3 '!B63*0.75,5),'WEEK 3 '!B66)) -> 0 | C67: REP OUT | D67: 1-3 MIN
A69: =HYPERLINK("https://docs.google.com/a/fitnessresults.com/forms/d/e/1FAIpQLSd7MoczESe8Yjv6BKpmwAZGn9Aiymrs9-UdgfYIUpbr9t5NXg/viewform?usp=pp_url&entry.93370101","CLICK TO COMPLETE WORKOUT") -> CLICK TO COMPLETE WORKOUT
A71: DAY 2
A74: =HYPERLINK("https://www.youtube.com/watch?v=qrv8cCA-WCY","WATCH THIS BEFORE MACHINE SQUAT") -> WATCH THIS BEFORE MACHINE SQUAT
A76: LEGS | H76: LEGS
A77: =HYPERLINK("https://youtu.be/FOBCA_kCq3A","1. MACHINE SQUAT ") -> 1. MACHINE SQUAT | H77: =HYPERLINK("https://youtu.be/dVterVQksD4","1. LEG PRESS") -> 1. LEG PRESS
A78: SET | B78: WEIGHT | C78: REPS | D78: REST | E78: PREVIOUS | F78: REP LOG | H78: CURRENT MAX | I78: ='WEEK 2'!B96 -> 250
A79: 1 | B79: 75 | C79: 10 | D79: 1-5 MIN | H79: SET | I79: WEIGHT | J79: REPS | K79: REST | L79: PREVIOUS | M79: REP LOG
A80: 2 | B80: =mround(B79+10,5) -> 85 | C80: 10 | D80: 1-5 MIN | H80: 1 | I80: =mround('WEEK 3 '!I78*0.3,5) -> 75 | J80: 25 | K80: 1-5 MIN
A81: 3 | B81: =mround(B80+10,5) -> 95 | C81: 10 | D81: 1-5 MIN | H81: 2 | I81: =mround('WEEK 3 '!I78*0.5,5) -> 125 | J81: 25 | K81: 1-5 MIN
A82: 4 | B82: =mround(B81+10,5) -> 105 | C82: 10 | D82: 1-5 MIN | H82: 3 | I82: =mround('WEEK 3 '!I78*0.65,5) -> 165 | J82: 25 | K82: 1-5 MIN
A83: 5 | B83: =mround(B82+10,5) -> 115 | C83: 10 | D83: 1-5 MIN | H83: 4 | I83: =mround('WEEK 3 '!I78*0.75,5) -> 190 | J83: 25 | K83: 1-5 MIN
A84: 6 | B84: =B83+10 -> 125 | C84: 10 | D84: 1-5 MIN | H84: 5 | I84: =mround('WEEK 3 '!I78*0.85,5) -> 215 | J84: 25 | K84: 1-5 MIN
A85: 7 | B85: =mround(B84+10,5) -> 135 | C85: 10 | D85: 1-5 MIN
A86: INSERT MAX
A89: =HYPERLINK("https://www.youtube.com/watch?v=NZ9KiFtbiMs","2. LEG EXTENSION") -> 2. LEG EXTENSION
A90: CURRENT MAX | B90: =IF('WEEK 2'!B102='WEEK 2'!B104,'WEEK 2'!B102+5,IF('WEEK 2'!F102<=9,MROUND('WEEK 2'!B100*0.95,5),'WEEK 2'!B102)) -> 85
A91: SET | B91: WEIGHT | C91: REPS | D91: REST | E91: PREVIOUS | F91: REP LOG
A92: 1 | B92: =if('WEEK 2'!B103='WEEK 2'!B104,'WEEK 3 '!B90,'WEEK 3 '!B90) -> 85 | C92: 10 - 15 | D92: 1 MIN
A93: 2 | B93: =if('WEEK 3 '!F92<8,mround('WEEK 3 '!B92*0.8,5),IF('WEEK 3 '!F92<=14,MROUND('WEEK 3 '!B92*0.95,5),'WEEK 3 '!B92)) -> 80 | C93: 10 - 15 | D93: 1 MIN
A94: 3 | B94: =if('WEEK 3 '!F93<8,mround('WEEK 3 '!B93*0.8,5),IF('WEEK 3 '!F93<=14,MROUND('WEEK 3 '!B93*0.95,5),'WEEK 3 '!B93)) -> 75 | C94: 10 - 15 | D94: 1 MIN
A95: FINAL MAX | B95: =IF('WEEK 2'!F95<10,'WEEK 3 '!B90,IF('WEEK 3 '!F98>=10,'WEEK 3 '!B93,'WEEK 3 '!B92)) -> 85
A98: =HYPERLINK("https://youtu.be/XepOfsnGFJg","3. LEG CURL") -> 3. LEG CURL | H98: =HYPERLINK("https://youtu.be/kmN9cJ79PDE","3. PRONE LEG CURL") -> 3. PRONE LEG CURL
A99: CURRENT MAX | B99: 95 | H99: CURRENT MAX | I99: =IF('WEEK 2'!I111='WEEK 2'!I113,'WEEK 2'!I111+5,IF('WEEK 2'!M111<=9,MROUND('WEEK 2'!I109*0.95,5),'WEEK 2'!I111)) -> 90
A100: SET | B100: WEIGHT | C100: REPS | D100: REST | E100: PREVIOUS | F100: REP LOG | H100: SET | I100: WEIGHT | J100: REPS | K100: REST | L100: PREVIOUS | M100: REP LOG
A101: 1 | B101: =if('WEEK 2'!B112='WEEK 2'!B113,'WEEK 3 '!B99,'WEEK 3 '!B99) -> 95 | C101: 10 - 15 | D101: 1 MIN | G101: ALTERNATE | H101: 1 | I101: =if('WEEK 2'!I112='WEEK 2'!I113,'WEEK 3 '!I99,'WEEK 3 '!I99) -> 90 | J101: 10 - 15 | K101: 1 MIN
A102: 2 | B102: =if('WEEK 3 '!F101<8,mround('WEEK 3 '!B101*0.8,5),IF('WEEK 3 '!F101<=14,MROUND('WEEK 3 '!B101*0.95,5),'WEEK 3 '!B101)) -> 90 | C102: 10 - 15 | D102: 1 MIN | H102: 2 | I102: =if('WEEK 3 '!M101<5,mround('WEEK 3 '!I101*0.8,5),IF('WEEK 3 '!M101<=10,MROUND('WEEK 3 '!I101*0.95,5),'WEEK 3 '!I101)) -> 70 | J102: 10 - 15 | K102: 1 MIN
A103: 3 | B103: =if('WEEK 3 '!F102<8,mround('WEEK 3 '!B102*0.8,5),IF('WEEK 3 '!F102<=14,MROUND('WEEK 3 '!B102*0.95,5),'WEEK 3 '!B102)) -> 85 | C103: 10 - 15 | D103: 1 MIN | H103: 3 | I103: =if('WEEK 3 '!M102<4,mround('WEEK 3 '!I102*0.8,5),IF('WEEK 3 '!M102<=10,MROUND('WEEK 3 '!I102*0.95,5),'WEEK 3 '!I102)) -> 55 | J103: 10 - 15 | K103: 1 MIN
A104: FINAL MAX | B104: =IF('WEEK 2'!F104<10,'WEEK 3 '!B99,IF('WEEK 2'!F105>=10,'WEEK 3 '!B102,'WEEK 3 '!B101)) -> 95 | H104: FINAL MAX | I104: =IF('WEEK 2'!M104<10,'WEEK 3 '!I99,IF('WEEK 2'!M105>=10,'WEEK 3 '!I102,'WEEK 3 '!I101)) -> 90
A106: =HYPERLINK("https://docs.google.com/a/fitnessresults.com/forms/d/e/1FAIpQLSd7MoczESe8Yjv6BKpmwAZGn9Aiymrs9-UdgfYIUpbr9t5NXg/viewform?usp=pp_url&entry.93370101","CLICK TO COMPLETE WORKOUT") -> CLICK TO COMPLETE WORKOUT
A108: DAY 3
A111: SHOULDERS & ARMS | H111: SHOULDERS & ARMS
A112: =HYPERLINK("https://youtu.be/rmxOkkd2hUk","1. SHOULDER PRESS") -> 1. SHOULDER PRESS | H112: =HYPERLINK("https://www.youtube.com/watch?v=-cSBPE-y38M","1. MACHINE SHOULDER PRESS") -> 1. MACHINE SHOULDER PRESS
A113: CURRENT MAX | B113: 80 | H113: SHLDR PRESS MAX | I113: =IF('WEEK 1 '!I122="",B113,'WEEK 1 '!I122) -> 80
A114: SET | B114: WEIGHT | C114: REPS | D114: REST | E114: PREVIOUS | F114: REP LOG | H114: SET | I114: WEIGHT | J114: REPS | K114: REST | L114: PREVIOUS | M114: REP LOG
A115: 1 | B115: =mround('WEEK 3 '!B113*0.35,5) -> 30 | C115: 6 | D115: 30s | H115: 1 | I115: =MROUND((I113*0.4+I113)*0.35,5) -> 40 | J115: 6 | K115: 30s
A116: 2 | B116: =mround('WEEK 3 '!B113*0.65,5) -> 50 | C116: 1 | D116: 1 MIN | H116: 2 | I116: =mround('WEEK 3 '!I113*0.65,5) -> 50 | J116: 1 | K116: 1 MIN
A117: 3 | B117: =mround(B113*0.9,5) -> 70 | C117: REP OUT | D117: 1 MIN | H117: 3 | I117: =mround(I113*0.9,5) -> 70 | J117: REP OUT | K117: 1 MIN
A118: 4 | B118: =if(F117<20,mround(B117*0.9,5),B117) -> 65 | C118: REP OUT | D118: 1 MIN | H118: 4 | I118: =if(M117<20,mround(I117*0.9,5),I117) -> 65 | J118: REP OUT | K118: 1 MIN
A119: 5 | B119: =if(F118<20,mround(B118*0.85,2.5),B118) -> 55 | C119: REP OUT | D119: 1 MIN | H119: 5 | I119: =if(M118<20,mround(I118*0.85,2.5),I118) -> 55 | J119: REP OUT | K119: 1 MIN
A122: =HYPERLINK("https://www.youtube.com/watch?v=XDLQt1j3qUU","2. Dumbbell REAR DELT FLY ") -> 2. Dumbbell REAR DELT FLY
A123: SHLDR PRESS MAX | B123: =('WEEK 3 '!B113) -> 80
A124: SET | B124: WEIGHT | C124: REPS | D124: REST | E124: PREVIOUS | F124: REP LOG
A125: 1 | B125: =MROUND('WEEK 3 '!B123*0.9*0.2,2.5) -> 15 | C125: 10 - 15 | D125: 1-3 MIN
A126: 2 | B126: =if('WEEK 3 '!F125<6,mround('WEEK 3 '!B125*0.8,2.5),IF('WEEK 3 '!F125<=10,MROUND('WEEK 3 '!B125*0.95,2.5),'WEEK 3 '!B125)) -> 15 | C126: 10 - 15 | D126: 1-3 MIN
A127: 3 | B127: =if('WEEK 3 '!F126<8,mround('WEEK 3 '!B126*0.8,5),IF('WEEK 3 '!F126<=14,MROUND('WEEK 3 '!B126*0.95,5),'WEEK 3 '!B126)) -> 15 | C127: 10 - 15 | D127: 1-3 MIN
A130: =HYPERLINK("https://youtu.be/jat-iMMa0ac","3. DUMBBELL SIDE LATERAL RAISE") -> 3. DUMBBELL SIDE LATERAL RAISE
A131: SHLDR PRESS MAX | B131: ='WEEK 2'!B137 -> 30
A132: SET | B132: WEIGHT | C132: REPS | D132: REST | E132: PREVIOUS | F132: REP LOG
A133: 1 | B133: =mround('WEEK 3 '!B131*0.9*0.2,5) -> 15 | C133: 10 - 15 | D133: 1-5 MIN
A134: 2 | B134: =if('WEEK 3 '!F133<12,mround('WEEK 3 '!B131*0.15,2.5),'WEEK 3 '!B133) -> 15 | C134: 10 - 15 | D134: 1-5 MIN
A135: 3 | B135: =if('WEEK 3 '!F134<12,mround('WEEK 3 '!B131*0.1,2.5),'WEEK 3 '!B134) -> 15 | C135: 10 - 15 | D135: 1-5 MIN
A138: =HYPERLINK("https://www.youtube.com/watch?v=Zt0LwrUdpNs","2. TRICEP OVERHEAD ROPE EXTENSION") -> 2. TRICEP OVERHEAD ROPE EXTENSION
...

Sheet WEEK 3 
A9: Week 3 | H9: QUICK TIPS
A10: ='Week 3 Master Sheet'!A10 -> PRESS TO RECORD BODY WEIGHT | H10: IF IT'S GREEN=NEEDS YOUR INPUT
H11: Click The Title of The workout to see an Instructional Video
A12: ='Week 3 Master Sheet'!A12 -> This Weeks Goals
A13: ='Week 3 Master Sheet'!A13 -> This is what we call percentage week. For the most part we are going to work your body just under it's maximum potential and go for more repititions. There are however a few areas that are excluded from this principle but the general theme of the week is working under your max.
A14: SWIPE RIGHT FOR QUICK TIPS
A15: ='Week 3 Master Sheet'!A15 -> DAY 1 | H15: ='Week 3 Master Sheet'!H15 -> ALTERNATE WORKOUTS
A18: Chest & Back | H18: ='Week 3 Master Sheet'!H18 -> CHEST & BACK
A19: =HYPERLINK("https://www.youtube.com/watch?v=iLgUDezDMbU","1. BENCH PRESS") -> 1. BENCH PRESS | G19: ALTERNATE | H19: ='Week 3 Master Sheet'!H19 -> 1. MACHINE PRESS | O19: ='Week 3 Master Sheet'!O19 -> 1. DUMBBELL INCLINE PRESS
A20: ='Week 3 Master Sheet'!A20 -> CURRENT MAX | B20: ='Week 3 Master Sheet'!B20 -> 100 | H20: ='Week 3 Master Sheet'!H20 -> CURRENT MAX | I20: ='Week 3 Master Sheet'!I20 | O20: ='Week 3 Master Sheet'!O20 -> CURRENT MAX | P20: ='Week 3 Master Sheet'!P20 -> 75
A21: ='Week 3 Master Sheet'!A21 -> SET | B21: ='Week 3 Master Sheet'!B21 -> WEIGHT | C21: ='Week 3 Master Sheet'!C21 -> REPS | D21: ='Week 3 Master Sheet'!D21 -> REST | E21: ='Week 3 Master Sheet'!E21 -> PREVIOUS | F21: ='Week 3 Master Sheet'!F21 -> REP LOG | H21: ='Week 3 Master Sheet'!H21 -> SET | I21: ='Week 3 Master Sheet'!I21 -> WEIGHT | J21: ='Week 3 Master Sheet'!J21 -> REPS | K21: ='Week 3 Master Sheet'!K21 -> REST | L21: ='Week 3 Master Sheet'!L21 -> PREVIOUS | M21: ='Week 3 Master Sheet'!M21 -> REP LOG | O21: ='Week 3 Master Sheet'!O21 -> SET | P21: ='Week 3 Master Sheet'!P21 -> WEIGHT | Q21: ='Week 3 Master Sheet'!Q21 -> REPS | R21: ='Week 3 Master Sheet'!R21 -> REST | S21: ='Week 3 Master Sheet'!S21 -> PREVIOUS | T21: ='Week 3 Master Sheet'!T21 -> REP LOG
A22: ='Week 3 Master Sheet'!A22 -> 1 | B22: ='Week 3 Master Sheet'!B22 -> 45 | C22: ='Week 3 Master Sheet'!C22 -> 6 | D22: ='Week 3 Master Sheet'!D22 -> 30 sec | E22: ='Week 3 Master Sheet'!E22 | F22: 6 | H22: ='Week 3 Master Sheet'!H22 -> 1 | I22: ='Week 3 Master Sheet'!I22 -> 0 | J22: ='Week 3 Master Sheet'!J22 -> 6 | K22: ='Week 3 Master Sheet'!K22 -> 30 sec | L22: ='Week 3 Master Sheet'!L22 | O22: ='Week 3 Master Sheet'!O22 -> 1 | P22: ='Week 3 Master Sheet'!P22 -> 25 | Q22: ='Week 3 Master Sheet'!Q22 -> 6 | R22: ='Week 3 Master Sheet'!R22 -> 30 sec | S22: ='Week 3 Master Sheet'!S22
A23: ='Week 3 Master Sheet'!A23 -> 2 | B23: ='Week 3 Master Sheet'!B23 -> 65 | C23: ='Week 3 Master Sheet'!C23 -> 1 | D23: ='Week 3 Master Sheet'!D23 -> 45 sec | E23: ='Week 3 Master Sheet'!E23 | F23: 1 | H23: ='Week 3 Master Sheet'!H23 -> 2 | I23: ='Week 3 Master Sheet'!I23 -> 0 | J23: ='Week 3 Master Sheet'!J23 -> 1 | K23: ='Week 3 Master Sheet'!K23 -> 45 sec | L23: ='Week 3 Master Sheet'!L23 | O23: ='Week 3 Master Sheet'!O23 -> 2 | P23: ='Week 3 Master Sheet'!P23 -> 50 | Q23: ='Week 3 Master Sheet'!Q23 -> 1 | R23: ='Week 3 Master Sheet'!R23 -> 45 sec | S23: ='Week 3 Master Sheet'!S23
A24: ='Week 3 Master Sheet'!A24 -> 3 | B24: ='Week 3 Master Sheet'!B24 -> 80 | C24: ='Week 3 Master Sheet'!C24 -> 1 | D24: ='Week 3 Master Sheet'!D24 -> 1 MIN | E24: ='Week 3 Master Sheet'!E24 | F24: 1 | H24: ='Week 3 Master Sheet'!H24 -> 3 | I24: ='Week 3 Master Sheet'!I24 -> 0 | J24: ='Week 3 Master Sheet'!J24 -> 1 | K24: ='Week 3 Master Sheet'!K24 -> 1 MIN | L24: ='Week 3 Master Sheet'!L24 | O24: ='Week 3 Master Sheet'!O24 -> 3 | P24: ='Week 3 Master Sheet'!P24 -> 60 | Q24: ='Week 3 Master Sheet'!Q24 -> 1 | R24: ='Week 3 Master Sheet'!R24 -> 1 MIN | S24: ='Week 3 Master Sheet'!S24
A25: ='Week 3 Master Sheet'!A25 -> Working Set | H25: ='Week 3 Master Sheet'!H25 -> Working Set | O25: ='Week 3 Master Sheet'!O25 -> Working Set
A26: ='Week 3 Master Sheet'!A26 -> SET | B26: ='Week 3 Master Sheet'!B26 -> WEIGHT | C26: ='Week 3 Master Sheet'!C26 -> REPS | D26: ='Week 3 Master Sheet'!D26 -> REST | E26: ='Week 3 Master Sheet'!E26 -> PREVIOUS | F26: ='Week 3 Master Sheet'!F26 -> REP LOG | H26: ='Week 3 Master Sheet'!H26 -> SET | I26: ='Week 3 Master Sheet'!I26 -> WEIGHT | J26: ='Week 3 Master Sheet'!J26 -> REPS | K26: ='Week 3 Master Sheet'!K26 -> REST | L26: ='Week 3 Master Sheet'!L26 -> PREVIOUS | M26: ='Week 3 Master Sheet'!M26 -> REP LOG | O26: ='Week 3 Master Sheet'!O26 -> SET | P26: ='Week 3 Master Sheet'!P26 -> WEIGHT | Q26: ='Week 3 Master Sheet'!Q26 -> REPS | R26: ='Week 3 Master Sheet'!R26 -> REST | S26: ='Week 3 Master Sheet'!S26 -> PREVIOUS | T26: ='Week 3 Master Sheet'!T26 -> REP LOG
A27: ='Week 3 Master Sheet'!A27 -> 1 | B27: ='Week 3 Master Sheet'!B27 -> 90 | C27: ='Week 3 Master Sheet'!C27 -> REP OUT | D27: ='Week 3 Master Sheet'!D27 -> 1-5 MIN | E27: ='Week 3 Master Sheet'!E27 | F27: 12 | H27: ='Week 3 Master Sheet'!H27 -> 1 | I27: ='Week 3 Master Sheet'!I27 -> 0 | J27: ='Week 3 Master Sheet'!J27 -> REP OUT | K27: ='Week 3 Master Sheet'!K27 -> 1-5 MIN | L27: ='Week 3 Master Sheet'!L27 | O27: ='Week 3 Master Sheet'!O27 -> 1 | P27: ='Week 3 Master Sheet'!P27 -> 70 | Q27: ='Week 3 Master Sheet'!Q27 -> REP OUT | R27: ='Week 3 Master Sheet'!R27 -> 1-5 MIN | S27: ='Week 3 Master Sheet'!S27
A28: ='Week 3 Master Sheet'!A28 -> 2 | B28: ='Week 3 Master Sheet'!B28 -> 80 | C28: ='Week 3 Master Sheet'!C28 -> REP OUT | D28: ='Week 3 Master Sheet'!D28 -> 1-5 MIN | E28: ='Week 3 Master Sheet'!E28 | F28: 18 | H28: ='Week 3 Master Sheet'!H28 -> 2 | I28: ='Week 3 Master Sheet'!I28 -> 0 | J28: ='Week 3 Master Sheet'!J28 -> REP OUT | K28: ='Week 3 Master Sheet'!K28 -> 1-5 MIN | L28: ='Week 3 Master Sheet'!L28 | O28: ='Week 3 Master Sheet'!O28 -> 2 | P28: ='Week 3 Master Sheet'!P28 -> 55 | Q28: ='Week 3 Master Sheet'!Q28 -> REP OUT | R28: ='Week 3 Master Sheet'!R28 -> 1-5 MIN | S28: ='Week 3 Master Sheet'!S28
A29: ='Week 3 Master Sheet'!A29 -> 3 | B29: ='Week 3 Master Sheet'!B29 -> 70 | C29: ='Week 3 Master Sheet'!C29 -> REP OUT | D29: ='Week 3 Master Sheet'!D29 -> 1-5 MIN | E29: ='Week 3 Master Sheet'!E29 | F29: 10 | H29: ='Week 3 Master Sheet'!H29 -> 3 | I29: ='Week 3 Master Sheet'!I29 -> 0 | J29: ='Week 3 Master Sheet'!J29 -> REP OUT | K29: ='Week 3 Master Sheet'!K29 -> 1-5 MIN | L29: ='Week 3 Master Sheet'!L29 | O29: ='Week 3 Master Sheet'!O29 -> 3 | P29: ='Week 3 Master Sheet'!P29 -> 40 | Q29: ='Week 3 Master Sheet'!Q29 -> REP OUT | R29: ='Week 3 Master Sheet'!R29 -> 1-5 MIN | S29: ='Week 3 Master Sheet'!S29
A32: ='Week 3 Master Sheet'!A32 -> 2. DB CHEST FLY | G32: ALTERNATE | H32: ='Week 3 Master Sheet'!H32 -> 2. MACHINE CHEST FLY
A33: ='Week 3 Master Sheet'!A33 -> DB INCL MAX | B33: ='Week 3 Master Sheet'!B33 -> 75 | H33: ='Week 3 Master Sheet'!H33 -> DB INCL MAX | I33: ='Week 3 Master Sheet'!I33 -> 75
A34: ='Week 3 Master Sheet'!A34 -> SET | B34: ='Week 3 Master Sheet'!B34 -> WEIGHT | C34: ='Week 3 Master Sheet'!C34 -> REPS | D34: ='Week 3 Master Sheet'!D34 -> REST | E34: ='Week 3 Master Sheet'!E34 -> PREVIOUS | F34: ='Week 3 Master Sheet'!F34 -> REP LOG | H34: ='Week 3 Master Sheet'!H34 -> SET | I34: ='Week 3 Master Sheet'!I34 -> WEIGHT | J34: ='Week 3 Master Sheet'!J34 -> REPS | K34: ='Week 3 Master Sheet'!K34 -> REST | L34: ='Week 3 Master Sheet'!L34 -> PREVIOUS | M34: ='Week 3 Master Sheet'!M34 -> REP LOG
A35: ='Week 3 Master Sheet'!A35 -> 1 | B35: ='Week 3 Master Sheet'!B35 -> 22.5 | C35: ='Week 3 Master Sheet'!C35 -> 10 - 15 | D35: ='Week 3 Master Sheet'!D35 -> 1 MIN | E35: ='Week 3 Master Sheet'!E35 | F35: 15 | H35: ='Week 3 Master Sheet'!H35 -> 1 | I35: ='Week 3 Master Sheet'!I35 -> 110 | J35: ='Week 3 Master Sheet'!J35 -> 10 - 15 | K35: ='Week 3 Master Sheet'!K35 -> 1 MIN | L35: ='Week 3 Master Sheet'!L35
A36: ='Week 3 Master Sheet'!A36 -> 2 | B36: ='Week 3 Master Sheet'!B36 -> 22.5 | C36: ='Week 3 Master Sheet'!C36 -> 10 - 15 | D36: ='Week 3 Master Sheet'!D36 -> 1 MIN | E36: ='Week 3 Master Sheet'!E36 | F36: 15 | H36: ='Week 3 Master Sheet'!H36 -> 2 | I36: ='Week 3 Master Sheet'!I36 -> 110 | J36: ='Week 3 Master Sheet'!J36 -> 10 - 15 | K36: ='Week 3 Master Sheet'!K36 -> 1 MIN | L36: ='Week 3 Master Sheet'!L36
A39: ='Week 3 Master Sheet'!A39 -> 3. MACHINE HIGH ROW
A40: ='Week 3 Master Sheet'!A40 -> CURRENT MAX | B40: ='Week 3 Master Sheet'!B40 -> 60
A41: ='Week 3 Master Sheet'!A41 -> SET | B41: ='Week 3 Master Sheet'!B41 -> WEIGHT | C41: ='Week 3 Master Sheet'!C41 -> REPS | D41: ='Week 3 Master Sheet'!D41 -> REST | E41: ='Week 3 Master Sheet'!E41 -> PREVIOUS | F41: ='Week 3 Master Sheet'!F41 -> REP LOG
A42: ='Week 3 Master Sheet'!A42 -> 1 | B42: ='Week 3 Master Sheet'!B42 -> 20 | C42: ='Week 3 Master Sheet'!C42 -> 6 | D42: ='Week 3 Master Sheet'!D42 -> 30s | E42: ='Week 3 Master Sheet'!E42 | F42: 6
A43: ='Week 3 Master Sheet'!A43 -> 2 | B43: ='Week 3 Master Sheet'!B43 -> 40 | C43: ='Week 3 Master Sheet'!C43 -> 3 | D43: ='Week 3 Master Sheet'!D43 -> 1-2 MIN | E43: ='Week 3 Master Sheet'!E43 | F43: 3
A44: ='Week 3 Master Sheet'!A44 -> 3 | B44: ='Week 3 Master Sheet'!B44 -> 55 | C44: ='Week 3 Master Sheet'!C44 -> 2 | D44: ='Week 3 Master Sheet'!D44 -> 1-2 MIN | E44: ='Week 3 Master Sheet'!E44 | F44: 2
A45: ='Week 3 Master Sheet'!A45 -> 4 | B45: ='Week 3 Master Sheet'!B45 -> 60 | C45: ='Week 3 Master Sheet'!C45 -> 3 | D45: ='Week 3 Master Sheet'!D45 -> 1-5 MIN | E45: ='Week 3 Master Sheet'!E45 | F45: 3
A46: ='Week 3 Master Sheet'!A46 -> NEW 4 REP MAX ATTEMPT
A47: ='Week 3 Master Sheet'!A47 -> 5 | B47: ='Week 3 Master Sheet'!B47 -> 65 | C47: ='Week 3 Master Sheet'!C47 -> 4 | D47: ='Week 3 Master Sheet'!D47 -> 1-5 MIN | E47: ='Week 3 Master Sheet'!E47 | F47: 4
A48: ='Week 3 Master Sheet'!A48 -> 6 | B48: ='Week 3 Master Sheet'!B48 -> 70 | C48: ='Week 3 Master Sheet'!C48 -> 4 | D48: ='Week 3 Master Sheet'!D48 -> 1-5 MIN | E48: ='Week 3 Master Sheet'!E48 | F48: 4
A49: ='Week 3 Master Sheet'!A49 -> DOWN SETS
A50: ='Week 3 Master Sheet'!A50 -> 7 | B50: ='Week 3 Master Sheet'!B50 -> 55 | C50: ='Week 3 Master Sheet'!C50 -> REP OUT | D50: ='Week 3 Master Sheet'!D50 -> 1-3 MIN | F50: 12
A51: ='Week 3 Master Sheet'!A51 -> 8 | B51: ='Week 3 Master Sheet'!B51 -> 50 | C51: ='Week 3 Master Sheet'!C51 -> REP OUT | D51: ='Week 3 Master Sheet'!D51 -> 1-3 MIN | F51: 17
A52: ='Week 3 Master Sheet'!A52 -> FINAL MAX | B52: ='Week 3 Master Sheet'!B52 -> 70
A54: ='Week 3 Master Sheet'!A54 -> 4. LAT PULL DOWN
A55: ='Week 3 Master Sheet'!A55 -> CURRENT MAX | B55: ='Week 3 Master Sheet'!B55 -> 260
A56: ='Week 3 Master Sheet'!A56 -> SET | B56: ='Week 3 Master Sheet'!B56 -> WEIGHT | C56: ='Week 3 Master Sheet'!C56 -> REPS | D56: ='Week 3 Master Sheet'!D56 -> REST | E56: ='Week 3 Master Sheet'!E56 -> PREVIOUS | F56: ='Week 3 Master Sheet'!F56 -> REP LOG
A57: ='Week 3 Master Sheet'!A57 -> 1 | B57: ='Week 3 Master Sheet'!B57 -> 235 | C57: ='Week 3 Master Sheet'!C57 -> REP OUT | D57: ='Week 3 Master Sheet'!D57 -> 1 MIN | E57: ='Week 3 Master Sheet'!E57 | F57: 4
A58: ='Week 3 Master Sheet'!A58 -> 2 | B58: ='Week 3 Master Sheet'!B58 -> 195 | C58: ='Week 3 Master Sheet'!C58 -> REP OUT | D58: ='Week 3 Master Sheet'!D58 -> 1 MIN | E58: ='Week 3 Master Sheet'!E58 | F58: 8
A59: ='Week 3 Master Sheet'!A59 -> 3 | B59: 185 | C59: ='Week 3 Master Sheet'!C59 -> REP OUT | D59: ='Week 3 Master Sheet'!D59 -> 1 MIN | E59: ='Week 3 Master Sheet'!E59 | F59: 8
A62: ='Week 3 Master Sheet'!A62 -> 5. LOW ROW
A63: ='Week 3 Master Sheet'!A63 -> CURRENT MAX | B63: ='Week 3 Master Sheet'!B63
A64: ='Week 3 Master Sheet'!A56 -> SET | B64: ='Week 3 Master Sheet'!B56 -> WEIGHT | C64: ='Week 3 Master Sheet'!C56 -> REPS | D64: ='Week 3 Master Sheet'!D56 -> REST | E64: ='Week 3 Master Sheet'!E56 -> PREVIOUS | F64: ='Week 3 Master Sheet'!F64 -> REP LOG
A65: ='Week 3 Master Sheet'!A65 -> 1 | B65: ='Week 3 Master Sheet'!B65 -> 0 | C65: ='Week 3 Master Sheet'!C65 -> REP OUT | D65: ='Week 3 Master Sheet'!D65 -> 1-3 MIN | E65: ='Week 3 Master Sheet'!E65 | F65: 5
A66: ='Week 3 Master Sheet'!A66 -> 2 | B66: ='Week 3 Master Sheet'!B66 -> 0 | C66: ='Week 3 Master Sheet'!C66 -> REP OUT | D66: ='Week 3 Master Sheet'!D66 -> 1-3 MIN | E66: ='Week 3 Master Sheet'!E66 | F66: 6
A67: ='Week 3 Master Sheet'!A67 -> 3 | B67: ='Week 3 Master Sheet'!B67 -> 0 | C67: ='Week 3 Master Sheet'!C67 -> REP OUT | D67: ='Week 3 Master Sheet'!D67 -> 1-3 MIN | E67: ='Week 3 Master Sheet'!E67
A69: ='Week 3 Master Sheet'!A69 -> CLICK TO COMPLETE WORKOUT
A71: ='Week 3 Master Sheet'!A71 -> DAY 2
A74: ='Week 3 Master Sheet'!A74 -> WATCH THIS BEFORE MACHINE SQUAT
A76: ='Week 3 Master Sheet'!A76 -> LEGS | H76: ='Week 3 Master Sheet'!H76 -> LEGS
A77: ='Week 3 Master Sheet'!A77 -> 1. MACHINE SQUAT | G77: ALTERNATE | H77: ='Week 3 Master Sheet'!H77 -> 1. LEG PRESS
A78: ='Week 3 Master Sheet'!A78 -> SET | B78: ='Week 3 Master Sheet'!B78 -> WEIGHT | C78: ='Week 3 Master Sheet'!C78 -> REPS | D78: ='Week 3 Master Sheet'!D78 -> REST | E78: ='Week 3 Master Sheet'!E78 -> PREVIOUS | F78: ='Week 3 Master Sheet'!F78 -> REP LOG | H78: ='Week 3 Master Sheet'!H78 -> CURRENT MAX | I78: ='Week 3 Master Sheet'!I78 -> 250
A79: ='Week 3 Master Sheet'!A79 -> 1 | B79: ='Week 3 Master Sheet'!B79 -> 75 | C79: ='Week 3 Master Sheet'!C79 -> 10 | D79: ='Week 3 Master Sheet'!D79 -> 1-5 MIN | E79: ='Week 3 Master Sheet'!E79 | H79: ='Week 3 Master Sheet'!H79 -> SET | I79: ='Week 3 Master Sheet'!I79 -> WEIGHT | J79: ='Week 3 Master Sheet'!J79 -> REPS | K79: ='Week 3 Master Sheet'!K79 -> REST | L79: ='Week 3 Master Sheet'!L79 -> PREVIOUS | M79: ='Week 3 Master Sheet'!M79 -> REP LOG
A80: ='Week 3 Master Sheet'!A80 -> 2 | B80: ='Week 3 Master Sheet'!B80 -> 85 | C80: ='Week 3 Master Sheet'!C80 -> 10 | D80: ='Week 3 Master Sheet'!D80 -> 1-5 MIN | E80: ='Week 3 Master Sheet'!E80 | H80: ='Week 3 Master Sheet'!H80 -> 1 | I80: ='Week 3 Master Sheet'!I80 -> 75 | J80: ='Week 3 Master Sheet'!J80 -> 25 | K80: ='Week 3 Master Sheet'!K80 -> 1-5 MIN | L80: ='Week 3 Master Sheet'!L80 | M80: 25
A81: ='Week 3 Master Sheet'!A81 -> 3 | B81: ='Week 3 Master Sheet'!B81 -> 95 | C81: ='Week 3 Master Sheet'!C81 -> 10 | D81: ='Week 3 Master Sheet'!D81 -> 1-5 MIN | E81: ='Week 3 Master Sheet'!E81 | H81: ='Week 3 Master Sheet'!H81 -> 2 | I81: ='Week 3 Master Sheet'!I81 -> 125 | J81: ='Week 3 Master Sheet'!J81 -> 25 | K81: ='Week 3 Master Sheet'!K81 -> 1-5 MIN | L81: ='Week 3 Master Sheet'!L81 | M81: 25
A82: ='Week 3 Master Sheet'!A82 -> 4 | B82: ='Week 3 Master Sheet'!B82 -> 105 | C82: ='Week 3 Master Sheet'!C82 -> 10 | D82: ='Week 3 Master Sheet'!D82 -> 1-5 MIN | E82: ='Week 3 Master Sheet'!E82 | H82: ='Week 3 Master Sheet'!H82 -> 3 | I82: ='Week 3 Master Sheet'!I82 -> 165 | J82: ='Week 3 Master Sheet'!J82 -> 25 | K82: ='Week 3 Master Sheet'!K82 -> 1-5 MIN | L82: ='Week 3 Master Sheet'!L82 | M82: 25
A83: ='Week 3 Master Sheet'!A83 -> 5 | B83: ='Week 3 Master Sheet'!B83 -> 115 | C83: ='Week 3 Master Sheet'!C83 -> 10 | D83: ='Week 3 Master Sheet'!D83 -> 1-5 MIN | E83: ='Week 3 Master Sheet'!E83 | H83: ='Week 3 Master Sheet'!H83 -> 4 | I83: ='Week 3 Master Sheet'!I83 -> 190 | J83: ='Week 3 Master Sheet'!J83 -> 25 | K83: ='Week 3 Master Sheet'!K83 -> 1-5 MIN | L83: ='Week 3 Master Sheet'!L83 | M83: 25
A84: ='Week 3 Master Sheet'!A84 -> 6 | B84: ='Week 3 Master Sheet'!B84 -> 125 | C84: ='Week 3 Master Sheet'!C84 -> 10 | D84: ='Week 3 Master Sheet'!D84 -> 1-5 MIN | E84: ='Week 3 Master Sheet'!E84 | H84: ='Week 3 Master Sheet'!H84 -> 5 | I84: ='Week 3 Master Sheet'!I84 -> 215 | J84: ='Week 3 Master Sheet'!J84 -> 25 | K84: ='Week 3 Master Sheet'!K84 -> 1-5 MIN | L84: ='Week 3 Master Sheet'!L84 | M84: 210
A85: ='Week 3 Master Sheet'!A85 -> 7 | B85: ='Week 3 Master Sheet'!B85 -> 135 | C85: ='Week 3 Master Sheet'!C85 -> 10 | D85: ='Week 3 Master Sheet'!D85 -> 1-5 MIN | E85: ='Week 3 Master Sheet'!E85
A86: ='Week 3 Master Sheet'!A86 -> INSERT MAX
A89: ='Week 3 Master Sheet'!A89 -> 2. LEG EXTENSION
A90: ='Week 3 Master Sheet'!A90 -> CURRENT MAX | B90: ='Week 3 Master Sheet'!B90 -> 85
A91: ='Week 3 Master Sheet'!A91 -> SET | B91: ='Week 3 Master Sheet'!B91 -> WEIGHT | C91: ='Week 3 Master Sheet'!C91 -> REPS | D91: ='Week 3 Master Sheet'!D91 -> REST | E91: ='Week 3 Master Sheet'!E91 -> PREVIOUS | F91: ='Week 3 Master Sheet'!F91 -> REP LOG
A92: ='Week 3 Master Sheet'!A92 -> 1 | B92: ='Week 3 Master Sheet'!B92 -> 85 | C92: ='Week 3 Master Sheet'!C92 -> 10 - 15 | D92: ='Week 3 Master Sheet'!D92 -> 1 MIN | E92: ='Week 3 Master Sheet'!E92 | F92: 10
A93: ='Week 3 Master Sheet'!A93 -> 2 | B93: ='Week 3 Master Sheet'!B93 -> 80 | C93: ='Week 3 Master Sheet'!C93 -> 10 - 15 | D93: ='Week 3 Master Sheet'!D93 -> 1 MIN | E93: ='Week 3 Master Sheet'!E93 | F93: 10
A94: ='Week 3 Master Sheet'!A94 -> 3 | B94: ='Week 3 Master Sheet'!B94 -> 75 | C94: ='Week 3 Master Sheet'!C94 -> 10 - 15 | D94: ='Week 3 Master Sheet'!D94 -> 1 MIN | E94: ='Week 3 Master Sheet'!E94 | F94: 15
A95: ='Week 3 Master Sheet'!A95 -> FINAL MAX | B95: ='Week 3 Master Sheet'!B95 -> 85
A98: ='Week 3 Master Sheet'!A98 -> 3. LEG CURL | G98: ALTERNATE | H98: ='Week 3 Master Sheet'!H98 -> 3. PRONE LEG CURL
A99: ='Week 3 Master Sheet'!A99 -> CURRENT MAX | B99: ='Week 3 Master Sheet'!B99 -> 95 | H99: ='Week 3 Master Sheet'!H99 -> CURRENT MAX | I99: ='Week 3 Master Sheet'!I99 -> 90
A100: ='Week 3 Master Sheet'!A100 -> SET | B100: ='Week 3 Master Sheet'!B100 -> WEIGHT | C100: ='Week 3 Master Sheet'!C100 -> REPS | D100: ='Week 3 Master Sheet'!D100 -> REST | E100: ='Week 3 Master Sheet'!E100 -> PREVIOUS | F100: ='Week 3 Master Sheet'!F100 -> REP LOG | H100: ='Week 3 Master Sheet'!H100 -> SET | I100: ='Week 3 Master Sheet'!I100 -> WEIGHT | J100: ='Week 3 Master Sheet'!J100 -> REPS | K100: ='Week 3 Master Sheet'!K100 -> REST | L100: ='Week 3 Master Sheet'!L100 -> PREVIOUS | M100: ='Week 3 Master Sheet'!M100 -> REP LOG
A101: ='Week 3 Master Sheet'!A101 -> 1 | B101: ='Week 3 Master Sheet'!B101 -> 95 | C101: ='Week 3 Master Sheet'!C101 -> 10 - 15 | D101: ='Week 3 Master Sheet'!D101 -> 1 MIN | E101: ='Week 3 Master Sheet'!E101 | F101: 8 | H101: ='Week 3 Master Sheet'!H101 -> 1 | I101: ='Week 3 Master Sheet'!I101 -> 90 | J101: ='Week 3 Master Sheet'!J101 -> 10 - 15 | K101: ='Week 3 Master Sheet'!K101 -> 1 MIN | L101: ='Week 3 Master Sheet'!L101
A102: ='Week 3 Master Sheet'!A102 -> 2 | B102: ='Week 3 Master Sheet'!B102 -> 90 | C102: ='Week 3 Master Sheet'!C102 -> 10 - 15 | D102: ='Week 3 Master Sheet'!D102 -> 1 MIN | E102: ='Week 3 Master Sheet'!E102 | F102: 12 | H102: ='Week 3 Master Sheet'!H102 -> 2 | I102: ='Week 3 Master Sheet'!I102 -> 70 | J102: ='Week 3 Master Sheet'!J102 -> 10 - 15 | K102: ='Week 3 Master Sheet'!K102 -> 1 MIN | L102: ='Week 3 Master Sheet'!L102
A103: ='Week 3 Master Sheet'!A103 -> 3 | B103: ='Week 3 Master Sheet'!B103 -> 85 | C103: ='Week 3 Master Sheet'!C103 -> 10 - 15 | D103: ='Week 3 Master Sheet'!D103 -> 1 MIN | E103: ='Week 3 Master Sheet'!E103 | F103: 12 | H103: ='Week 3 Master Sheet'!H103 -> 3 | I103: ='Week 3 Master Sheet'!I103 -> 55 | J103: ='Week 3 Master Sheet'!J103 -> 10 - 15 | K103: ='Week 3 Master Sheet'!K103 -> 1 MIN | L103: ='Week 3 Master Sheet'!L103
A104: ='Week 3 Master Sheet'!A104 -> FINAL MAX | B104: ='Week 3 Master Sheet'!B104 -> 95 | H104: ='Week 3 Master Sheet'!H104 -> FINAL MAX | I104: ='Week 3 Master Sheet'!I104 -> 90
A106: ='Week 3 Master Sheet'!A106 -> CLICK TO COMPLETE WORKOUT
A108: ='Week 3 Master Sheet'!A108 -> DAY 3
A111: ='Week 3 Master Sheet'!A111 -> SHOULDERS & ARMS | H111: ='Week 3 Master Sheet'!H111 -> SHOULDERS & ARMS
A112: ='Week 3 Master Sheet'!A112 -> 1. SHOULDER PRESS | H112: ='Week 3 Master Sheet'!H112 -> 1. MACHINE SHOULDER PRESS
A113: ='Week 3 Master Sheet'!A113 -> CURRENT MAX | B113: 80 | H113: ='Week 3 Master Sheet'!H113 -> SHLDR PRESS MAX | I113: ='Week 3 Master Sheet'!I113 -> 80
A114: ='Week 3 Master Sheet'!A114 -> SET | B114: ='Week 3 Master Sheet'!B114 -> WEIGHT | C114: ='Week 3 Master Sheet'!C114 -> REPS | D114: ='Week 3 Master Sheet'!D114 -> REST | E114: ='Week 3 Master Sheet'!E114 -> PREVIOUS | F114: ='Week 3 Master Sheet'!F114 -> REP LOG | H114: ='Week 3 Master Sheet'!H114 -> SET | I114: ='Week 3 Master Sheet'!I114 -> WEIGHT | J114: ='Week 3 Master Sheet'!J114 -> REPS | K114: ='Week 3 Master Sheet'!K114 -> REST | L114: ='Week 3 Master Sheet'!L114 -> PREVIOUS | M114: ='Week 3 Master Sheet'!M114 -> REP LOG
A115: ='Week 3 Master Sheet'!A115 -> 1 | B115: ='Week 3 Master Sheet'!B115 -> 30 | C115: ='Week 3 Master Sheet'!C115 -> 6 | D115: ='Week 3 Master Sheet'!D115 -> 30s | E115: ='Week 3 Master Sheet'!E115 | F115: 6 | H115: ='Week 3 Master Sheet'!H115 -> 1 | I115: ='Week 3 Master Sheet'!I115 -> 40 | J115: ='Week 3 Master Sheet'!J115 -> 6 | K115: ='Week 3 Master Sheet'!K115 -> 30s | L115: ='Week 3 Master Sheet'!L115 | M115: 6
A116: ='Week 3 Master Sheet'!A116 -> 2 | B116: ='Week 3 Master Sheet'!B116 -> 50 | C116: ='Week 3 Master Sheet'!C116 -> 1 | D116: ='Week 3 Master Sheet'!D116 -> 1 MIN | E116: ='Week 3 Master Sheet'!E116 | F116: 1 | H116: ='Week 3 Master Sheet'!H116 -> 2 | I116: ='Week 3 Master Sheet'!I116 -> 50 | J116: ='Week 3 Master Sheet'!J116 -> 1 | K116: ='Week 3 Master Sheet'!K116 -> 1 MIN | L116: ='Week 3 Master Sheet'!L116 | M116: 1
A117: ='Week 3 Master Sheet'!A117 -> 3 | B117: ='Week 3 Master Sheet'!B117 -> 70 | C117: ='Week 3 Master Sheet'!C117 -> REP OUT | D117: ='Week 3 Master Sheet'!D117 -> 1 MIN | E117: ='Week 3 Master Sheet'!E117 | F117: 10 | H117: ='Week 3 Master Sheet'!H117 -> 3 | I117: ='Week 3 Master Sheet'!I117 -> 70 | J117: ='Week 3 Master Sheet'!J117 -> REP OUT | K117: ='Week 3 Master Sheet'!K117 -> 1 MIN | L117: ='Week 3 Master Sheet'!L117 | M117: 30
A118: ='Week 3 Master Sheet'!A118 -> 4 | B118: ='Week 3 Master Sheet'!B118 -> 65 | C118: ='Week 3 Master Sheet'!C118 -> REP OUT | D118: ='Week 3 Master Sheet'!D118 -> 1 MIN | E118: ='Week 3 Master Sheet'!E118 | F118: 12 | H118: ='Week 3 Master Sheet'!H118 -> 4 | I118: ='Week 3 Master Sheet'!I118 -> 65 | J118: ='Week 3 Master Sheet'!J118 -> REP OUT | K118: ='Week 3 Master Sheet'!K118 -> 1 MIN | L118: ='Week 3 Master Sheet'!L118
A119: ='Week 3 Master Sheet'!A119 -> 5 | B119: ='Week 3 Master Sheet'!B119 -> 55 | C119: ='Week 3 Master Sheet'!C119 -> REP OUT | D119: ='Week 3 Master Sheet'!D119 -> 1 MIN | E119: ='Week 3 Master Sheet'!E119 | F119: 16 | H119: ='Week 3 Master Sheet'!H119 -> 5 | I119: ='Week 3 Master Sheet'!I119 -> 55 | J119: ='Week 3 Master Sheet'!J119 -> REP OUT | K119: ='Week 3 Master Sheet'!K119 -> 1 MIN | L119: ='Week 3 Master Sheet'!L119
A122: ='Week 3 Master Sheet'!A122 -> 2. Dumbbell REAR DELT FLY
A123: ='Week 3 Master Sheet'!A123 -> SHLDR PRESS MAX | B123: ='Week 3 Master Sheet'!B123 -> 80
A124: ='Week 3 Master Sheet'!A124 -> SET | B124: ='Week 3 Master Sheet'!B124 -> WEIGHT | C124: ='Week 3 Master Sheet'!C124 -> REPS | D124: ='Week 3 Master Sheet'!D124 -> REST | E124: ='Week 3 Master Sheet'!E124 -> PREVIOUS | F124: ='Week 3 Master Sheet'!F124 -> REP LOG
A125: ='Week 3 Master Sheet'!A125 -> 1 | B125: ='Week 3 Master Sheet'!B125 -> 15 | C125: ='Week 3 Master Sheet'!C125 -> 10 - 15 | D125: ='Week 3 Master Sheet'!D125 -> 1-3 MIN | E125: ='Week 3 Master Sheet'!E125 | F125: 15
A126: ='Week 3 Master Sheet'!A126 -> 2 | B126: ='Week 3 Master Sheet'!B126 -> 15 | C126: ='Week 3 Master Sheet'!C126 -> 10 - 15 | D126: ='Week 3 Master Sheet'!D126 -> 1-3 MIN | E126: ='Week 3 Master Sheet'!E126 | F126: 15
A127: ='Week 3 Master Sheet'!A127 -> 3 | B127: ='Week 3 Master Sheet'!B127 -> 15 | C127: ='Week 3 Master Sheet'!C127 -> 10 - 15 | D127: ='Week 3 Master Sheet'!D127 -> 1-3 MIN | E127: ='Week 3 Master Sheet'!E127 | F127: 15
A130: ='Week 3 Master Sheet'!A130 -> 3. DUMBBELL SIDE LATERAL RAISE
A131: ='Week 3 Master Sheet'!A131 -> SHLDR PRESS MAX | B131: 80
A132: ='Week 3 Master Sheet'!A132 -> SET | B132: ='Week 3 Master Sheet'!B132 -> WEIGHT | C132: ='Week 3 Master Sheet'!C132 -> REPS | D132: ='Week 3 Master Sheet'!D132 -> REST | E132: ='Week 3 Master Sheet'!E132 -> PREVIOUS | F132: ='Week 3 Master Sheet'!F132 -> REP LOG
A133: ='Week 3 Master Sheet'!A133 -> 1 | B133: ='Week 3 Master Sheet'!B133 -> 15 | C133: ='Week 3 Master Sheet'!C133 -> 10 - 15 | D133: ='Week 3 Master Sheet'!D133 -> 1-5 MIN | E133: ='Week 3 Master Sheet'!E133 | F133: 15
A134: ='Week 3 Master Sheet'!A134 -> 2 | B134: ='Week 3 Master Sheet'!B134 -> 15 | C134: ='Week 3 Master Sheet'!C134 -> 10 - 15 | D134: ='Week 3 Master Sheet'!D134 -> 1-5 MIN | E134: ='Week 3 Master Sheet'!E134 | F134: 15
...

Sheet Copy of WEEK 3 
A9: Week 3 | H9: QUICK TIPS
A10: ='Week 3 Master Sheet'!A10 -> PRESS TO RECORD BODY WEIGHT | H10: IF IT'S GREEN=NEEDS YOUR INPUT
H11: Click The Title of The workout to see an Instructional Video
A12: ='Week 3 Master Sheet'!A12 -> This Weeks Goals
A13: ='Week 3 Master Sheet'!A13 -> This is what we call percentage week. For the most part we are going to work your body just under it's maximum potential and go for more repititions. There are however a few areas that are excluded from this principle but the general theme of the week is working under your max.
A14: SWIPE RIGHT FOR QUICK TIPS
A15: ='Week 3 Master Sheet'!A15 -> DAY 1 | H15: ='Week 3 Master Sheet'!H15 -> ALTERNATE WORKOUTS
A18: Chest & Back | H18: ='Week 3 Master Sheet'!H18 -> CHEST & BACK
A19: =HYPERLINK("https://www.youtube.com/watch?v=iLgUDezDMbU","1. BENCH PRESS") -> 1. BENCH PRESS | G19: ALTERNATE | H19: ='Week 3 Master Sheet'!H19 -> 1. MACHINE PRESS | O19: ='Week 3 Master Sheet'!O19 -> 1. DUMBBELL INCLINE PRESS
A20: ='Week 3 Master Sheet'!A20 -> CURRENT MAX | B20: ='Week 3 Master Sheet'!B20 -> 100 | H20: ='Week 3 Master Sheet'!H20 -> CURRENT MAX | I20: ='Week 3 Master Sheet'!I20 | O20: ='Week 3 Master Sheet'!O20 -> CURRENT MAX | P20: ='Week 3 Master Sheet'!P20 -> 75
A21: ='Week 3 Master Sheet'!A21 -> SET | B21: ='Week 3 Master Sheet'!B21 -> WEIGHT | C21: ='Week 3 Master Sheet'!C21 -> REPS | D21: ='Week 3 Master Sheet'!D21 -> REST | E21: ='Week 3 Master Sheet'!E21 -> PREVIOUS | F21: ='Week 3 Master Sheet'!F21 -> REP LOG | H21: ='Week 3 Master Sheet'!H21 -> SET | I21: ='Week 3 Master Sheet'!I21 -> WEIGHT | J21: ='Week 3 Master Sheet'!J21 -> REPS | K21: ='Week 3 Master Sheet'!K21 -> REST | L21: ='Week 3 Master Sheet'!L21 -> PREVIOUS | M21: ='Week 3 Master Sheet'!M21 -> REP LOG | O21: ='Week 3 Master Sheet'!O21 -> SET | P21: ='Week 3 Master Sheet'!P21 -> WEIGHT | Q21: ='Week 3 Master Sheet'!Q21 -> REPS | R21: ='Week 3 Master Sheet'!R21 -> REST | S21: ='Week 3 Master Sheet'!S21 -> PREVIOUS | T21: ='Week 3 Master Sheet'!T21 -> REP LOG
A22: ='Week 3 Master Sheet'!A22 -> 1 | B22: ='Week 3 Master Sheet'!B22 -> 45 | C22: ='Week 3 Master Sheet'!C22 -> 6 | D22: ='Week 3 Master Sheet'!D22 -> 30 sec | E22: ='Week 3 Master Sheet'!E22 | F22: 6 | H22: ='Week 3 Master Sheet'!H22 -> 1 | I22: ='Week 3 Master Sheet'!I22 -> 0 | J22: ='Week 3 Master Sheet'!J22 -> 6 | K22: ='Week 3 Master Sheet'!K22 -> 30 sec | L22: ='Week 3 Master Sheet'!L22 | O22: ='Week 3 Master Sheet'!O22 -> 1 | P22: ='Week 3 Master Sheet'!P22 -> 25 | Q22: ='Week 3 Master Sheet'!Q22 -> 6 | R22: ='Week 3 Master Sheet'!R22 -> 30 sec | S22: ='Week 3 Master Sheet'!S22
A23: ='Week 3 Master Sheet'!A23 -> 2 | B23: ='Week 3 Master Sheet'!B23 -> 65 | C23: ='Week 3 Master Sheet'!C23 -> 1 | D23: ='Week 3 Master Sheet'!D23 -> 45 sec | E23: ='Week 3 Master Sheet'!E23 | F23: 1 | H23: ='Week 3 Master Sheet'!H23 -> 2 | I23: ='Week 3 Master Sheet'!I23 -> 0 | J23: ='Week 3 Master Sheet'!J23 -> 1 | K23: ='Week 3 Master Sheet'!K23 -> 45 sec | L23: ='Week 3 Master Sheet'!L23 | O23: ='Week 3 Master Sheet'!O23 -> 2 | P23: ='Week 3 Master Sheet'!P23 -> 50 | Q23: ='Week 3 Master Sheet'!Q23 -> 1 | R23: ='Week 3 Master Sheet'!R23 -> 45 sec | S23: ='Week 3 Master Sheet'!S23
A24: ='Week 3 Master Sheet'!A24 -> 3 | B24: ='Week 3 Master Sheet'!B24 -> 80 | C24: ='Week 3 Master Sheet'!C24 -> 1 | D24: ='Week 3 Master Sheet'!D24 -> 1 MIN | E24: ='Week 3 Master Sheet'!E24 | F24: 1 | H24: ='Week 3 Master Sheet'!H24 -> 3 | I24: ='Week 3 Master Sheet'!I24 -> 0 | J24: ='Week 3 Master Sheet'!J24 -> 1 | K24: ='Week 3 Master Sheet'!K24 -> 1 MIN | L24: ='Week 3 Master Sheet'!L24 | O24: ='Week 3 Master Sheet'!O24 -> 3 | P24: ='Week 3 Master Sheet'!P24 -> 60 | Q24: ='Week 3 Master Sheet'!Q24 -> 1 | R24: ='Week 3 Master Sheet'!R24 -> 1 MIN | S24: ='Week 3 Master Sheet'!S24
A25: ='Week 3 Master Sheet'!A25 -> Working Set | H25: ='Week 3 Master Sheet'!H25 -> Working Set | O25: ='Week 3 Master Sheet'!O25 -> Working Set
A26: ='Week 3 Master Sheet'!A26 -> SET | B26: ='Week 3 Master Sheet'!B26 -> WEIGHT | C26: ='Week 3 Master Sheet'!C26 -> REPS | D26: ='Week 3 Master Sheet'!D26 -> REST | E26: ='Week 3 Master Sheet'!E26 -> PREVIOUS | F26: ='Week 3 Master Sheet'!F26 -> REP LOG | H26: ='Week 3 Master Sheet'!H26 -> SET | I26: ='Week 3 Master Sheet'!I26 -> WEIGHT | J26: ='Week 3 Master Sheet'!J26 -> REPS | K26: ='Week 3 Master Sheet'!K26 -> REST | L26: ='Week 3 Master Sheet'!L26 -> PREVIOUS | M26: ='Week 3 Master Sheet'!M26 -> REP LOG | O26: ='Week 3 Master Sheet'!O26 -> SET | P26: ='Week 3 Master Sheet'!P26 -> WEIGHT | Q26: ='Week 3 Master Sheet'!Q26 -> REPS | R26: ='Week 3 Master Sheet'!R26 -> REST | S26: ='Week 3 Master Sheet'!S26 -> PREVIOUS | T26: ='Week 3 Master Sheet'!T26 -> REP LOG
A27: ='Week 3 Master Sheet'!A27 -> 1 | B27: ='Week 3 Master Sheet'!B27 -> 90 | C27: ='Week 3 Master Sheet'!C27 -> REP OUT | D27: ='Week 3 Master Sheet'!D27 -> 1-5 MIN | E27: ='Week 3 Master Sheet'!E27 | F27: 12 | H27: ='Week 3 Master Sheet'!H27 -> 1 | I27: ='Week 3 Master Sheet'!I27 -> 0 | J27: ='Week 3 Master Sheet'!J27 -> REP OUT | K27: ='Week 3 Master Sheet'!K27 -> 1-5 MIN | L27: ='Week 3 Master Sheet'!L27 | O27: ='Week 3 Master Sheet'!O27 -> 1 | P27: ='Week 3 Master Sheet'!P27 -> 70 | Q27: ='Week 3 Master Sheet'!Q27 -> REP OUT | R27: ='Week 3 Master Sheet'!R27 -> 1-5 MIN | S27: ='Week 3 Master Sheet'!S27
A28: ='Week 3 Master Sheet'!A28 -> 2 | B28: ='Week 3 Master Sheet'!B28 -> 80 | C28: ='Week 3 Master Sheet'!C28 -> REP OUT | D28: ='Week 3 Master Sheet'!D28 -> 1-5 MIN | E28: ='Week 3 Master Sheet'!E28 | F28: 18 | H28: ='Week 3 Master Sheet'!H28 -> 2 | I28: ='Week 3 Master Sheet'!I28 -> 0 | J28: ='Week 3 Master Sheet'!J28 -> REP OUT | K28: ='Week 3 Master Sheet'!K28 -> 1-5 MIN | L28: ='Week 3 Master Sheet'!L28 | O28: ='Week 3 Master Sheet'!O28 -> 2 | P28: ='Week 3 Master Sheet'!P28 -> 55 | Q28: ='Week 3 Master Sheet'!Q28 -> REP OUT | R28: ='Week 3 Master Sheet'!R28 -> 1-5 MIN | S28: ='Week 3 Master Sheet'!S28
A29: ='Week 3 Master Sheet'!A29 -> 3 | B29: ='Week 3 Master Sheet'!B29 -> 70 | C29: ='Week 3 Master Sheet'!C29 -> REP OUT | D29: ='Week 3 Master Sheet'!D29 -> 1-5 MIN | E29: ='Week 3 Master Sheet'!E29 | F29: 10 | H29: ='Week 3 Master Sheet'!H29 -> 3 | I29: ='Week 3 Master Sheet'!I29 -> 0 | J29: ='Week 3 Master Sheet'!J29 -> REP OUT | K29: ='Week 3 Master Sheet'!K29 -> 1-5 MIN | L29: ='Week 3 Master Sheet'!L29 | O29: ='Week 3 Master Sheet'!O29 -> 3 | P29: ='Week 3 Master Sheet'!P29 -> 40 | Q29: ='Week 3 Master Sheet'!Q29 -> REP OUT | R29: ='Week 3 Master Sheet'!R29 -> 1-5 MIN | S29: ='Week 3 Master Sheet'!S29
A32: ='Week 3 Master Sheet'!A32 -> 2. DB CHEST FLY | G32: ALTERNATE | H32: ='Week 3 Master Sheet'!H32 -> 2. MACHINE CHEST FLY
A33: ='Week 3 Master Sheet'!A33 -> DB INCL MAX | B33: ='Week 3 Master Sheet'!B33 -> 75 | H33: ='Week 3 Master Sheet'!H33 -> DB INCL MAX | I33: ='Week 3 Master Sheet'!I33 -> 75
A34: ='Week 3 Master Sheet'!A34 -> SET | B34: ='Week 3 Master Sheet'!B34 -> WEIGHT | C34: ='Week 3 Master Sheet'!C34 -> REPS | D34: ='Week 3 Master Sheet'!D34 -> REST | E34: ='Week 3 Master Sheet'!E34 -> PREVIOUS | F34: ='Week 3 Master Sheet'!F34 -> REP LOG | H34: ='Week 3 Master Sheet'!H34 -> SET | I34: ='Week 3 Master Sheet'!I34 -> WEIGHT | J34: ='Week 3 Master Sheet'!J34 -> REPS | K34: ='Week 3 Master Sheet'!K34 -> REST | L34: ='Week 3 Master Sheet'!L34 -> PREVIOUS | M34: ='Week 3 Master Sheet'!M34 -> REP LOG
A35: ='Week 3 Master Sheet'!A35 -> 1 | B35: ='Week 3 Master Sheet'!B35 -> 22.5 | C35: ='Week 3 Master Sheet'!C35 -> 10 - 15 | D35: ='Week 3 Master Sheet'!D35 -> 1 MIN | E35: ='Week 3 Master Sheet'!E35 | F35: 15 | H35: ='Week 3 Master Sheet'!H35 -> 1 | I35: ='Week 3 Master Sheet'!I35 -> 110 | J35: ='Week 3 Master Sheet'!J35 -> 10 - 15 | K35: ='Week 3 Master Sheet'!K35 -> 1 MIN | L35: ='Week 3 Master Sheet'!L35
A36: ='Week 3 Master Sheet'!A36 -> 2 | B36: ='Week 3 Master Sheet'!B36 -> 22.5 | C36: ='Week 3 Master Sheet'!C36 -> 10 - 15 | D36: ='Week 3 Master Sheet'!D36 -> 1 MIN | E36: ='Week 3 Master Sheet'!E36 | F36: 15 | H36: ='Week 3 Master Sheet'!H36 -> 2 | I36: ='Week 3 Master Sheet'!I36 -> 110 | J36: ='Week 3 Master Sheet'!J36 -> 10 - 15 | K36: ='Week 3 Master Sheet'!K36 -> 1 MIN | L36: ='Week 3 Master Sheet'!L36
A39: ='Week 3 Master Sheet'!A39 -> 3. MACHINE HIGH ROW
A40: ='Week 3 Master Sheet'!A40 -> CURRENT MAX | B40: ='Week 3 Master Sheet'!B40 -> 60
A41: ='Week 3 Master Sheet'!A41 -> SET | B41: ='Week 3 Master Sheet'!B41 -> WEIGHT | C41: ='Week 3 Master Sheet'!C41 -> REPS | D41: ='Week 3 Master Sheet'!D41 -> REST | E41: ='Week 3 Master Sheet'!E41 -> PREVIOUS | F41: ='Week 3 Master Sheet'!F41 -> REP LOG
A42: ='Week 3 Master Sheet'!A42 -> 1 | B42: ='Week 3 Master Sheet'!B42 -> 20 | C42: ='Week 3 Master Sheet'!C42 -> 6 | D42: ='Week 3 Master Sheet'!D42 -> 30s | E42: ='Week 3 Master Sheet'!E42 | F42: 6
A43: ='Week 3 Master Sheet'!A43 -> 2 | B43: ='Week 3 Master Sheet'!B43 -> 40 | C43: ='Week 3 Master Sheet'!C43 -> 3 | D43: ='Week 3 Master Sheet'!D43 -> 1-2 MIN | E43: ='Week 3 Master Sheet'!E43 | F43: 3
A44: ='Week 3 Master Sheet'!A44 -> 3 | B44: ='Week 3 Master Sheet'!B44 -> 55 | C44: ='Week 3 Master Sheet'!C44 -> 2 | D44: ='Week 3 Master Sheet'!D44 -> 1-2 MIN | E44: ='Week 3 Master Sheet'!E44 | F44: 2
A45: ='Week 3 Master Sheet'!A45 -> 4 | B45: ='Week 3 Master Sheet'!B45 -> 60 | C45: ='Week 3 Master Sheet'!C45 -> 3 | D45: ='Week 3 Master Sheet'!D45 -> 1-5 MIN | E45: ='Week 3 Master Sheet'!E45 | F45: 3
A46: ='Week 3 Master Sheet'!A46 -> NEW 4 REP MAX ATTEMPT
A47: ='Week 3 Master Sheet'!A47 -> 5 | B47: ='Week 3 Master Sheet'!B47 -> 65 | C47: ='Week 3 Master Sheet'!C47 -> 4 | D47: ='Week 3 Master Sheet'!D47 -> 1-5 MIN | E47: ='Week 3 Master Sheet'!E47 | F47: 4
A48: ='Week 3 Master Sheet'!A48 -> 6 | B48: ='Week 3 Master Sheet'!B48 -> 70 | C48: ='Week 3 Master Sheet'!C48 -> 4 | D48: ='Week 3 Master Sheet'!D48 -> 1-5 MIN | E48: ='Week 3 Master Sheet'!E48 | F48: 4
A49: ='Week 3 Master Sheet'!A49 -> DOWN SETS
A50: ='Week 3 Master Sheet'!A50 -> 7 | B50: ='Week 3 Master Sheet'!B50 -> 55 | C50: ='Week 3 Master Sheet'!C50 -> REP OUT | D50: ='Week 3 Master Sheet'!D50 -> 1-3 MIN | F50: 8
A51: ='Week 3 Master Sheet'!A51 -> 8 | B51: ='Week 3 Master Sheet'!B51 -> 50 | C51: ='Week 3 Master Sheet'!C51 -> REP OUT | D51: ='Week 3 Master Sheet'!D51 -> 1-3 MIN | F51: 12
A52: ='Week 3 Master Sheet'!A52 -> FINAL MAX | B52: ='Week 3 Master Sheet'!B52 -> 70
A54: ='Week 3 Master Sheet'!A54 -> 4. LAT PULL DOWN
A55: ='Week 3 Master Sheet'!A55 -> CURRENT MAX | B55: ='Week 3 Master Sheet'!B55 -> 260
A56: ='Week 3 Master Sheet'!A56 -> SET | B56: ='Week 3 Master Sheet'!B56 -> WEIGHT | C56: ='Week 3 Master Sheet'!C56 -> REPS | D56: ='Week 3 Master Sheet'!D56 -> REST | E56: ='Week 3 Master Sheet'!E56 -> PREVIOUS | F56: ='Week 3 Master Sheet'!F56 -> REP LOG
A57: ='Week 3 Master Sheet'!A57 -> 1 | B57: ='Week 3 Master Sheet'!B57 -> 235 | C57: ='Week 3 Master Sheet'!C57 -> REP OUT | D57: ='Week 3 Master Sheet'!D57 -> 1 MIN | E57: ='Week 3 Master Sheet'!E57 | F57: 5
A58: ='Week 3 Master Sheet'!A58 -> 2 | B58: ='Week 3 Master Sheet'!B58 -> 195 | C58: ='Week 3 Master Sheet'!C58 -> REP OUT | D58: ='Week 3 Master Sheet'!D58 -> 1 MIN | E58: ='Week 3 Master Sheet'!E58 | F58: 8
A59: ='Week 3 Master Sheet'!A59 -> 3 | B59: ='Week 3 Master Sheet'!B59 -> 220 | C59: ='Week 3 Master Sheet'!C59 -> REP OUT | D59: ='Week 3 Master Sheet'!D59 -> 1 MIN | E59: ='Week 3 Master Sheet'!E59 | F59: 2
A62: ='Week 3 Master Sheet'!A62 -> 5. LOW ROW
A63: ='Week 3 Master Sheet'!A63 -> CURRENT MAX | B63: ='Week 3 Master Sheet'!B63
A64: ='Week 3 Master Sheet'!A56 -> SET | B64: ='Week 3 Master Sheet'!B56 -> WEIGHT | C64: ='Week 3 Master Sheet'!C56 -> REPS | D64: ='Week 3 Master Sheet'!D56 -> REST | E64: ='Week 3 Master Sheet'!E56 -> PREVIOUS | F64: ='Week 3 Master Sheet'!F64 -> REP LOG
A65: ='Week 3 Master Sheet'!A65 -> 1 | B65: ='Week 3 Master Sheet'!B65 -> 0 | C65: ='Week 3 Master Sheet'!C65 -> REP OUT | D65: ='Week 3 Master Sheet'!D65 -> 1-3 MIN | E65: ='Week 3 Master Sheet'!E65 | F65: 4
A66: ='Week 3 Master Sheet'!A66 -> 2 | B66: ='Week 3 Master Sheet'!B66 -> 0 | C66: ='Week 3 Master Sheet'!C66 -> REP OUT | D66: ='Week 3 Master Sheet'!D66 -> 1-3 MIN | E66: ='Week 3 Master Sheet'!E66 | F66: 6
A67: ='Week 3 Master Sheet'!A67 -> 3 | B67: ='Week 3 Master Sheet'!B67 -> 0 | C67: ='Week 3 Master Sheet'!C67 -> REP OUT | D67: ='Week 3 Master Sheet'!D67 -> 1-3 MIN | E67: ='Week 3 Master Sheet'!E67 | F67: 8
A69: ='Week 3 Master Sheet'!A69 -> CLICK TO COMPLETE WORKOUT
A71: ='Week 3 Master Sheet'!A71 -> DAY 2
A74: ='Week 3 Master Sheet'!A74 -> WATCH THIS BEFORE MACHINE SQUAT
A76: ='Week 3 Master Sheet'!A76 -> LEGS | H76: ='Week 3 Master Sheet'!H76 -> LEGS
A77: ='Week 3 Master Sheet'!A77 -> 1. MACHINE SQUAT | G77: ALTERNATE | H77: ='Week 3 Master Sheet'!H77 -> 1. LEG PRESS
A78: ='Week 3 Master Sheet'!A78 -> SET | B78: ='Week 3 Master Sheet'!B78 -> WEIGHT | C78: ='Week 3 Master Sheet'!C78 -> REPS | D78: ='Week 3 Master Sheet'!D78 -> REST | E78: ='Week 3 Master Sheet'!E78 -> PREVIOUS | F78: ='Week 3 Master Sheet'!F78 -> REP LOG | H78: ='Week 3 Master Sheet'!H78 -> CURRENT MAX | I78: ='Week 3 Master Sheet'!I78 -> 250
A79: ='Week 3 Master Sheet'!A79 -> 1 | B79: ='Week 3 Master Sheet'!B79 -> 75 | C79: ='Week 3 Master Sheet'!C79 -> 10 | D79: ='Week 3 Master Sheet'!D79 -> 1-5 MIN | E79: ='Week 3 Master Sheet'!E79 | H79: ='Week 3 Master Sheet'!H79 -> SET | I79: ='Week 3 Master Sheet'!I79 -> WEIGHT | J79: ='Week 3 Master Sheet'!J79 -> REPS | K79: ='Week 3 Master Sheet'!K79 -> REST | L79: ='Week 3 Master Sheet'!L79 -> PREVIOUS | M79: ='Week 3 Master Sheet'!M79 -> REP LOG
A80: ='Week 3 Master Sheet'!A80 -> 2 | B80: ='Week 3 Master Sheet'!B80 -> 85 | C80: ='Week 3 Master Sheet'!C80 -> 10 | D80: ='Week 3 Master Sheet'!D80 -> 1-5 MIN | E80: ='Week 3 Master Sheet'!E80 | H80: ='Week 3 Master Sheet'!H80 -> 1 | I80: ='Week 3 Master Sheet'!I80 -> 75 | J80: ='Week 3 Master Sheet'!J80 -> 25 | K80: ='Week 3 Master Sheet'!K80 -> 1-5 MIN | L80: ='Week 3 Master Sheet'!L80 | M80: 25
A81: ='Week 3 Master Sheet'!A81 -> 3 | B81: ='Week 3 Master Sheet'!B81 -> 95 | C81: ='Week 3 Master Sheet'!C81 -> 10 | D81: ='Week 3 Master Sheet'!D81 -> 1-5 MIN | E81: ='Week 3 Master Sheet'!E81 | H81: ='Week 3 Master Sheet'!H81 -> 2 | I81: ='Week 3 Master Sheet'!I81 -> 125 | J81: ='Week 3 Master Sheet'!J81 -> 25 | K81: ='Week 3 Master Sheet'!K81 -> 1-5 MIN | L81: ='Week 3 Master Sheet'!L81 | M81: 25
A82: ='Week 3 Master Sheet'!A82 -> 4 | B82: ='Week 3 Master Sheet'!B82 -> 105 | C82: ='Week 3 Master Sheet'!C82 -> 10 | D82: ='Week 3 Master Sheet'!D82 -> 1-5 MIN | E82: ='Week 3 Master Sheet'!E82 | H82: ='Week 3 Master Sheet'!H82 -> 3 | I82: ='Week 3 Master Sheet'!I82 -> 165 | J82: ='Week 3 Master Sheet'!J82 -> 25 | K82: ='Week 3 Master Sheet'!K82 -> 1-5 MIN | L82: ='Week 3 Master Sheet'!L82 | M82: 25
A83: ='Week 3 Master Sheet'!A83 -> 5 | B83: ='Week 3 Master Sheet'!B83 -> 115 | C83: ='Week 3 Master Sheet'!C83 -> 10 | D83: ='Week 3 Master Sheet'!D83 -> 1-5 MIN | E83: ='Week 3 Master Sheet'!E83 | H83: ='Week 3 Master Sheet'!H83 -> 4 | I83: ='Week 3 Master Sheet'!I83 -> 190 | J83: ='Week 3 Master Sheet'!J83 -> 25 | K83: ='Week 3 Master Sheet'!K83 -> 1-5 MIN | L83: ='Week 3 Master Sheet'!L83 | M83: 25
A84: ='Week 3 Master Sheet'!A84 -> 6 | B84: ='Week 3 Master Sheet'!B84 -> 125 | C84: ='Week 3 Master Sheet'!C84 -> 10 | D84: ='Week 3 Master Sheet'!D84 -> 1-5 MIN | E84: ='Week 3 Master Sheet'!E84 | H84: ='Week 3 Master Sheet'!H84 -> 5 | I84: ='Week 3 Master Sheet'!I84 -> 215 | J84: ='Week 3 Master Sheet'!J84 -> 25 | K84: ='Week 3 Master Sheet'!K84 -> 1-5 MIN | L84: ='Week 3 Master Sheet'!L84 | M84: 210
A85: ='Week 3 Master Sheet'!A85 -> 7 | B85: ='Week 3 Master Sheet'!B85 -> 135 | C85: ='Week 3 Master Sheet'!C85 -> 10 | D85: ='Week 3 Master Sheet'!D85 -> 1-5 MIN | E85: ='Week 3 Master Sheet'!E85
A86: ='Week 3 Master Sheet'!A86 -> INSERT MAX
A89: ='Week 3 Master Sheet'!A89 -> 2. LEG EXTENSION
A90: ='Week 3 Master Sheet'!A90 -> CURRENT MAX | B90: ='Week 3 Master Sheet'!B90 -> 85
A91: ='Week 3 Master Sheet'!A91 -> SET | B91: ='Week 3 Master Sheet'!B91 -> WEIGHT | C91: ='Week 3 Master Sheet'!C91 -> REPS | D91: ='Week 3 Master Sheet'!D91 -> REST | E91: ='Week 3 Master Sheet'!E91 -> PREVIOUS | F91: ='Week 3 Master Sheet'!F91 -> REP LOG
A92: ='Week 3 Master Sheet'!A92 -> 1 | B92: ='Week 3 Master Sheet'!B92 -> 85 | C92: ='Week 3 Master Sheet'!C92 -> 10 - 15 | D92: ='Week 3 Master Sheet'!D92 -> 1 MIN | E92: ='Week 3 Master Sheet'!E92 | F92: 10
A93: ='Week 3 Master Sheet'!A93 -> 2 | B93: ='Week 3 Master Sheet'!B93 -> 80 | C93: ='Week 3 Master Sheet'!C93 -> 10 - 15 | D93: ='Week 3 Master Sheet'!D93 -> 1 MIN | E93: ='Week 3 Master Sheet'!E93 | F93: 10
A94: ='Week 3 Master Sheet'!A94 -> 3 | B94: ='Week 3 Master Sheet'!B94 -> 75 | C94: ='Week 3 Master Sheet'!C94 -> 10 - 15 | D94: ='Week 3 Master Sheet'!D94 -> 1 MIN | E94: ='Week 3 Master Sheet'!E94 | F94: 15
A95: ='Week 3 Master Sheet'!A95 -> FINAL MAX | B95: ='Week 3 Master Sheet'!B95 -> 85
A98: ='Week 3 Master Sheet'!A98 -> 3. LEG CURL | G98: ALTERNATE | H98: ='Week 3 Master Sheet'!H98 -> 3. PRONE LEG CURL
A99: ='Week 3 Master Sheet'!A99 -> CURRENT MAX | B99: ='Week 3 Master Sheet'!B99 -> 95 | H99: ='Week 3 Master Sheet'!H99 -> CURRENT MAX | I99: ='Week 3 Master Sheet'!I99 -> 90
A100: ='Week 3 Master Sheet'!A100 -> SET | B100: ='Week 3 Master Sheet'!B100 -> WEIGHT | C100: ='Week 3 Master Sheet'!C100 -> REPS | D100: ='Week 3 Master Sheet'!D100 -> REST | E100: ='Week 3 Master Sheet'!E100 -> PREVIOUS | F100: ='Week 3 Master Sheet'!F100 -> REP LOG | H100: ='Week 3 Master Sheet'!H100 -> SET | I100: ='Week 3 Master Sheet'!I100 -> WEIGHT | J100: ='Week 3 Master Sheet'!J100 -> REPS | K100: ='Week 3 Master Sheet'!K100 -> REST | L100: ='Week 3 Master Sheet'!L100 -> PREVIOUS | M100: ='Week 3 Master Sheet'!M100 -> REP LOG
A101: ='Week 3 Master Sheet'!A101 -> 1 | B101: ='Week 3 Master Sheet'!B101 -> 95 | C101: ='Week 3 Master Sheet'!C101 -> 10 - 15 | D101: ='Week 3 Master Sheet'!D101 -> 1 MIN | E101: ='Week 3 Master Sheet'!E101 | F101: 8 | H101: ='Week 3 Master Sheet'!H101 -> 1 | I101: ='Week 3 Master Sheet'!I101 -> 90 | J101: ='Week 3 Master Sheet'!J101 -> 10 - 15 | K101: ='Week 3 Master Sheet'!K101 -> 1 MIN | L101: ='Week 3 Master Sheet'!L101
A102: ='Week 3 Master Sheet'!A102 -> 2 | B102: ='Week 3 Master Sheet'!B102 -> 90 | C102: ='Week 3 Master Sheet'!C102 -> 10 - 15 | D102: ='Week 3 Master Sheet'!D102 -> 1 MIN | E102: ='Week 3 Master Sheet'!E102 | F102: 12 | H102: ='Week 3 Master Sheet'!H102 -> 2 | I102: ='Week 3 Master Sheet'!I102 -> 70 | J102: ='Week 3 Master Sheet'!J102 -> 10 - 15 | K102: ='Week 3 Master Sheet'!K102 -> 1 MIN | L102: ='Week 3 Master Sheet'!L102
A103: ='Week 3 Master Sheet'!A103 -> 3 | B103: ='Week 3 Master Sheet'!B103 -> 85 | C103: ='Week 3 Master Sheet'!C103 -> 10 - 15 | D103: ='Week 3 Master Sheet'!D103 -> 1 MIN | E103: ='Week 3 Master Sheet'!E103 | F103: 12 | H103: ='Week 3 Master Sheet'!H103 -> 3 | I103: ='Week 3 Master Sheet'!I103 -> 55 | J103: ='Week 3 Master Sheet'!J103 -> 10 - 15 | K103: ='Week 3 Master Sheet'!K103 -> 1 MIN | L103: ='Week 3 Master Sheet'!L103
A104: ='Week 3 Master Sheet'!A104 -> FINAL MAX | B104: ='Week 3 Master Sheet'!B104 -> 95 | H104: ='Week 3 Master Sheet'!H104 -> FINAL MAX | I104: ='Week 3 Master Sheet'!I104 -> 90
A106: ='Week 3 Master Sheet'!A106 -> CLICK TO COMPLETE WORKOUT
A108: ='Week 3 Master Sheet'!A108 -> DAY 3
A111: ='Week 3 Master Sheet'!A111 -> SHOULDERS & ARMS | H111: ='Week 3 Master Sheet'!H111 -> SHOULDERS & ARMS
A112: ='Week 3 Master Sheet'!A112 -> 1. SHOULDER PRESS | H112: ='Week 3 Master Sheet'!H112 -> 1. MACHINE SHOULDER PRESS
A113: ='Week 3 Master Sheet'!A113 -> CURRENT MAX | B113: ='Week 3 Master Sheet'!B113 -> 80 | H113: ='Week 3 Master Sheet'!H113 -> SHLDR PRESS MAX | I113: ='Week 3 Master Sheet'!I113 -> 80
A114: ='Week 3 Master Sheet'!A114 -> SET | B114: ='Week 3 Master Sheet'!B114 -> WEIGHT | C114: ='Week 3 Master Sheet'!C114 -> REPS | D114: ='Week 3 Master Sheet'!D114 -> REST | E114: ='Week 3 Master Sheet'!E114 -> PREVIOUS | F114: ='Week 3 Master Sheet'!F114 -> REP LOG | H114: ='Week 3 Master Sheet'!H114 -> SET | I114: ='Week 3 Master Sheet'!I114 -> WEIGHT | J114: ='Week 3 Master Sheet'!J114 -> REPS | K114: ='Week 3 Master Sheet'!K114 -> REST | L114: ='Week 3 Master Sheet'!L114 -> PREVIOUS | M114: ='Week 3 Master Sheet'!M114 -> REP LOG
A115: ='Week 3 Master Sheet'!A115 -> 1 | B115: ='Week 3 Master Sheet'!B115 -> 30 | C115: ='Week 3 Master Sheet'!C115 -> 6 | D115: ='Week 3 Master Sheet'!D115 -> 30s | E115: ='Week 3 Master Sheet'!E115 | H115: ='Week 3 Master Sheet'!H115 -> 1 | I115: ='Week 3 Master Sheet'!I115 -> 40 | J115: ='Week 3 Master Sheet'!J115 -> 6 | K115: ='Week 3 Master Sheet'!K115 -> 30s | L115: ='Week 3 Master Sheet'!L115 | M115: 6
A116: ='Week 3 Master Sheet'!A116 -> 2 | B116: ='Week 3 Master Sheet'!B116 -> 50 | C116: ='Week 3 Master Sheet'!C116 -> 1 | D116: ='Week 3 Master Sheet'!D116 -> 1 MIN | E116: ='Week 3 Master Sheet'!E116 | H116: ='Week 3 Master Sheet'!H116 -> 2 | I116: ='Week 3 Master Sheet'!I116 -> 50 | J116: ='Week 3 Master Sheet'!J116 -> 1 | K116: ='Week 3 Master Sheet'!K116 -> 1 MIN | L116: ='Week 3 Master Sheet'!L116 | M116: 1
A117: ='Week 3 Master Sheet'!A117 -> 3 | B117: ='Week 3 Master Sheet'!B117 -> 70 | C117: ='Week 3 Master Sheet'!C117 -> REP OUT | D117: ='Week 3 Master Sheet'!D117 -> 1 MIN | E117: ='Week 3 Master Sheet'!E117 | H117: ='Week 3 Master Sheet'!H117 -> 3 | I117: ='Week 3 Master Sheet'!I117 -> 70 | J117: ='Week 3 Master Sheet'!J117 -> REP OUT | K117: ='Week 3 Master Sheet'!K117 -> 1 MIN | L117: ='Week 3 Master Sheet'!L117 | M117: 30
A118: ='Week 3 Master Sheet'!A118 -> 4 | B118: ='Week 3 Master Sheet'!B118 -> 65 | C118: ='Week 3 Master Sheet'!C118 -> REP OUT | D118: ='Week 3 Master Sheet'!D118 -> 1 MIN | E118: ='Week 3 Master Sheet'!E118 | H118: ='Week 3 Master Sheet'!H118 -> 4 | I118: ='Week 3 Master Sheet'!I118 -> 65 | J118: ='Week 3 Master Sheet'!J118 -> REP OUT | K118: ='Week 3 Master Sheet'!K118 -> 1 MIN | L118: ='Week 3 Master Sheet'!L118
A119: ='Week 3 Master Sheet'!A119 -> 5 | B119: ='Week 3 Master Sheet'!B119 -> 55 | C119: ='Week 3 Master Sheet'!C119 -> REP OUT | D119: ='Week 3 Master Sheet'!D119 -> 1 MIN | E119: ='Week 3 Master Sheet'!E119 | H119: ='Week 3 Master Sheet'!H119 -> 5 | I119: ='Week 3 Master Sheet'!I119 -> 55 | J119: ='Week 3 Master Sheet'!J119 -> REP OUT | K119: ='Week 3 Master Sheet'!K119 -> 1 MIN | L119: ='Week 3 Master Sheet'!L119
A122: ='Week 3 Master Sheet'!A122 -> 2. Dumbbell REAR DELT FLY
A123: ='Week 3 Master Sheet'!A123 -> SHLDR PRESS MAX | B123: ='Week 3 Master Sheet'!B123 -> 80
A124: ='Week 3 Master Sheet'!A124 -> SET | B124: ='Week 3 Master Sheet'!B124 -> WEIGHT | C124: ='Week 3 Master Sheet'!C124 -> REPS | D124: ='Week 3 Master Sheet'!D124 -> REST | E124: ='Week 3 Master Sheet'!E124 -> PREVIOUS | F124: ='Week 3 Master Sheet'!F124 -> REP LOG
A125: ='Week 3 Master Sheet'!A125 -> 1 | B125: ='Week 3 Master Sheet'!B125 -> 15 | C125: ='Week 3 Master Sheet'!C125 -> 10 - 15 | D125: ='Week 3 Master Sheet'!D125 -> 1-3 MIN | E125: ='Week 3 Master Sheet'!E125
A126: ='Week 3 Master Sheet'!A126 -> 2 | B126: ='Week 3 Master Sheet'!B126 -> 15 | C126: ='Week 3 Master Sheet'!C126 -> 10 - 15 | D126: ='Week 3 Master Sheet'!D126 -> 1-3 MIN | E126: ='Week 3 Master Sheet'!E126
A127: ='Week 3 Master Sheet'!A127 -> 3 | B127: ='Week 3 Master Sheet'!B127 -> 15 | C127: ='Week 3 Master Sheet'!C127 -> 10 - 15 | D127: ='Week 3 Master Sheet'!D127 -> 1-3 MIN | E127: ='Week 3 Master Sheet'!E127
A130: ='Week 3 Master Sheet'!A130 -> 3. DUMBBELL SIDE LATERAL RAISE
A131: ='Week 3 Master Sheet'!A131 -> SHLDR PRESS MAX | B131: ='Week 3 Master Sheet'!B131 -> 30
A132: ='Week 3 Master Sheet'!A132 -> SET | B132: ='Week 3 Master Sheet'!B132 -> WEIGHT | C132: ='Week 3 Master Sheet'!C132 -> REPS | D132: ='Week 3 Master Sheet'!D132 -> REST | E132: ='Week 3 Master Sheet'!E132 -> PREVIOUS | F132: ='Week 3 Master Sheet'!F132 -> REP LOG
A133: ='Week 3 Master Sheet'!A133 -> 1 | B133: ='Week 3 Master Sheet'!B133 -> 15 | C133: ='Week 3 Master Sheet'!C133 -> 10 - 15 | D133: ='Week 3 Master Sheet'!D133 -> 1-5 MIN | E133: ='Week 3 Master Sheet'!E133
A134: ='Week 3 Master Sheet'!A134 -> 2 | B134: ='Week 3 Master Sheet'!B134 -> 15 | C134: ='Week 3 Master Sheet'!C134 -> 10 - 15 | D134: ='Week 3 Master Sheet'!D134 -> 1-5 MIN | E134: ='Week 3 Master Sheet'!E134
...

Sheet WEEK 4 Master Sheet 
A9: Week 4
A10: =HYPERLINK("https://goo.gl/forms/3ibooB993Hi7SS2d2","PRESS TO RECORD BODY WEIGHT") -> PRESS TO RECORD BODY WEIGHT
A12: This Weeks Goals
A13: Week 4 is going to be a mixture of attempting new maxes as well as high repititions during some of your workouts. Make sure to keep form and don't give up too soon. Push Push Push!
A15: DAY 1 | H15: ALTERNATE WORKOUTS | O15: ALTERNATE WORKOUTS
A18: CHEST & BACK | H18: CHEST & BACK | O18: CHEST & BACK
A19: =HYPERLINK("https://www.youtube.com/watch?v=iLgUDezDMbU","1. BENCH PRESS") -> 1. BENCH PRESS | H19: =HYPERLINK("https://www.youtube.com/watch?v=iLgUDezDMbU","1. MACHINE PRESS") -> 1. MACHINE PRESS | O19: =HYPERLINK("https://www.youtube.com/watch?v=iLgUDezDMbU","1. DUMBBELL INCLINE PRESS") -> 1. DUMBBELL INCLINE PRESS
A20: CURRENT MAX | B20: ='WEEK 3 '!B20 -> 100 | H20: CURRENT MAX | I20: ='WEEK 3 '!I20 | O20: CURRENT MAX | P20: ='WEEK 2'!B34 -> 75
A21: SET | B21: WEIGHT | C21: REPS | D21: REST | E21: PREVIOUS | F21: REP LOG | H21: SET | I21: WEIGHT | J21: REPS | K21: REST | L21: PREVIOUS | M21: REP LOG | O21: SET | P21: WEIGHT | Q21: REPS | R21: REST | S21: PREVIOUS | T21: REP LOG
A22: 1 | B22: =IF( 'WEEK 4 '!B20<125,45,mround('WEEK 4 '!B20*0.35,5)) -> 45 | C22: 6 | D22: 30s | H22: 1 | I22: =mround('WEEK 4 '!I20*0.35,5) -> 0 | J22: 6 | K22: 1 MIN | O22: 1 | P22: =mround('WEEK 4 '!P20*0.35,5) -> 35 | Q22: 6 | R22: 1 MIN | T22: 6
A23: 2 | B23: =mround('WEEK 4 '!B20*0.8,5) -> 70 | C23: 1 | D23: 1 MIN | H23: 2 | I23: =mround('WEEK 4 '!I20*0.65,5) -> 0 | J23: 1 | K23: 1 MIN | O23: 2 | P23: =mround('WEEK 4 '!P20*0.65,5) -> 65 | Q23: 1 | R23: 1 MIN | T23: 1
A24: 3 | B24: =mround('WEEK 4 '!B20*0.9,5) -> 80 | C24: 1 | D24: 1 MIN | H24: 3 | I24: =mround('WEEK 4 '!I20*0.85,5) -> 0 | J24: 1 | K24: 1 MIN | O24: 3 | P24: =mround('WEEK 4 '!P20*0.85,5) -> 85 | Q24: 1 | R24: 1 MIN | T24: 1
A25: 4 | B25: ='WEEK 4 '!B20 -> 90 | C25: 1 | D25: 1 MIN | H25: 4 | I25: =mround('WEEK 4 '!I20*1,5) -> 0 | J25: REP OUT | K25: 1 MIN | O25: 4 | P25: =mround('WEEK 4 '!P20*1,5) -> 100 | Q25: REP OUT | R25: 1 MIN | T25: 20
A26: NEW 1 REP MAX ATTEMPT | G26: ALTERNATE | H26: =IF(OR(ISBLANK('WEEK 4 '!M25),ISBLANK('WEEK 4 '!M24),ISBLANK('WEEK 4 '!M23)),"PROCEED TO DOWNSETS",if('WEEK 4 '!M25>=6,"NEW 4 REP MAX ATTEMPT","PROCEED TO DOWN SETS")) -> PROCEED TO DOWNSETS | O26: =IF(OR(ISBLANK('WEEK 4 '!T25),ISBLANK('WEEK 4 '!T24),ISBLANK('WEEK 4 '!T23)),"PROCEED TO DOWNSETS",if('WEEK 4 '!T25>=6,"NEW 4 REP MAX ATTEMPT","PROCEED TO DOWN SETS")) -> NEW 4 REP MAX ATTEMPT
A27: =if('WEEK 4 '!F25<1,"",5) -> 5 | B27: =IF('WEEK 4 '!F25<1,"",'WEEK 4 '!B25+5) -> 95 | C27: =if('WEEK 4 '!F25<1,"",1) -> 1 | D27: =if('WEEK 4 '!F25<1,"","1-5 MIN") -> 1-5 MIN | H27: =IF(OR(ISBLANK('WEEK 4 '!M25),ISBLANK('WEEK 4 '!M24),ISBLANK('WEEK 4 '!M23)),"",IF('WEEK 4 '!M25>=6,5,"")) | I27: =IF(OR(ISBLANK('WEEK 4 '!M25),ISBLANK('WEEK 4 '!M24),ISBLANK('WEEK 4 '!M23)),"",IF('WEEK 4 '!M25>=6,'WEEK 4 '!I20+5,"")) | J27: =IF(OR(ISBLANK('WEEK 4 '!M25),ISBLANK('WEEK 4 '!M24),ISBLANK('WEEK 4 '!M23)),"",IF('WEEK 4 '!M25>=6,"REP OUT","")) | K27: =IF(OR(ISBLANK('WEEK 4 '!M25),ISBLANK('WEEK 4 '!M24),ISBLANK('WEEK 4 '!M23)),"",IF('WEEK 4 '!M25>5,"1 MIN","")) | O27: =IF(OR(ISBLANK('WEEK 4 '!T25),ISBLANK('WEEK 4 '!T24),ISBLANK('WEEK 4 '!T23)),"",IF('WEEK 4 '!T25>=6,5,"")) -> 5 | P27: =IF(OR(ISBLANK('WEEK 4 '!T25),ISBLANK('WEEK 4 '!T24),ISBLANK('WEEK 4 '!T23)),"",IF('WEEK 4 '!T25>=6,'WEEK 4 '!P20+5,"")) -> 105 | Q27: =IF(OR(ISBLANK('WEEK 4 '!T25),ISBLANK('WEEK 4 '!T24),ISBLANK('WEEK 4 '!T23)),"",IF('WEEK 4 '!T25>=6,"REP OUT","")) -> REP OUT | R27: =IF(OR(ISBLANK('WEEK 4 '!T25),ISBLANK('WEEK 4 '!T24),ISBLANK('WEEK 4 '!T23)),"",IF('WEEK 4 '!T25>5,"1 MIN","")) -> 1 MIN
A28: =IF('WEEK 4 '!F27<1,"","6") -> 6 | B28: =IF('WEEK 4 '!F27<1,"",'WEEK 4 '!B27+5) -> 100 | C28: =IF('WEEK 4 '!F27<1,"","1") -> 1 | D28: =IF('WEEK 4 '!F27<1,"","1-5 MIN") -> 1-5 MIN | H28: =IF(OR(ISBLANK('WEEK 4 '!M25),ISBLANK('WEEK 4 '!M24),ISBLANK('WEEK 4 '!M23)),"FILL OUT REP LOG FIRST","DOWN SETS") -> FILL OUT REP LOG FIRST | O28: =IF(OR(ISBLANK('WEEK 4 '!T25),ISBLANK('WEEK 4 '!T24),ISBLANK('WEEK 4 '!T23)),"FILL OUT REP LOG FIRST","DOWN SETS") -> DOWN SETS
A29: DOWN SETS | H29: =IF('WEEK 4 '!M27>=4,"",IF(OR(ISBLANK('WEEK 4 '!M25),ISBLANK('WEEK 4 '!M24),ISBLANK('WEEK 4 '!M23)),"",IF('WEEK 4 '!M25>5,6,5))) | I29: =IF('WEEK 4 '!M27>=4,"",IF(OR(ISBLANK('WEEK 4 '!M25),ISBLANK('WEEK 4 '!M24),ISBLANK('WEEK 4 '!M23)),"",IF('WEEK 4 '!M25<6,mround('WEEK 4 '!I20*0.8,5),IF('WEEK 4 '!M25<10,mround('WEEK 4 '!I20*0.93,5),mround('WEEK 4 '!I20*0.7,5))))) | J29: =IF('WEEK 4 '!M27>=4,"",IF(OR(ISBLANK('WEEK 4 '!M25),ISBLANK('WEEK 4 '!M24),ISBLANK('WEEK 4 '!M23)),"","REP OUT")) | K29: =IF('WEEK 4 '!M27>=4,"",IF(OR(ISBLANK('WEEK 4 '!M25),ISBLANK('WEEK 4 '!M24),ISBLANK('WEEK 4 '!M23)),"","1 MIN")) | O29: =IF('WEEK 4 '!T27>=4,"",IF(OR(ISBLANK('WEEK 4 '!T25),ISBLANK('WEEK 4 '!T24),ISBLANK('WEEK 4 '!T23)),"",IF('WEEK 4 '!T25>5,6,5))) | P29: =IF('WEEK 4 '!T27>=4,"",IF(OR(ISBLANK('WEEK 4 '!T25),ISBLANK('WEEK 4 '!T24),ISBLANK('WEEK 4 '!T23)),"",IF('WEEK 4 '!T25<6,mround('WEEK 4 '!P20*0.8,5),IF('WEEK 4 '!T25<10,mround('WEEK 4 '!P20*0.93,5),mround('WEEK 4 '!P20*0.7,5))))) | Q29: =IF('WEEK 4 '!T27>=4,"",IF(OR(ISBLANK('WEEK 4 '!T25),ISBLANK('WEEK 4 '!T24),ISBLANK('WEEK 4 '!T23)),"","REP OUT")) | R29: =IF('WEEK 4 '!T27>=4,"",IF(OR(ISBLANK('WEEK 4 '!T25),ISBLANK('WEEK 4 '!T24),ISBLANK('WEEK 4 '!T23)),"","1 MIN"))
A30: =IF('WEEK 4 '!F27>=1,7,IF('WEEK 4 '!F25<1,5,6)) -> 7 | B30: =MROUND('WEEK 4 '!B32*0.9,5) -> 90 | C30: REP OUT | D30: 1-3 MIN | H30: =IF('WEEK 4 '!M27>=4,"",IF(OR(ISBLANK('WEEK 4 '!M25),ISBLANK('WEEK 4 '!M24),ISBLANK('WEEK 4 '!M23)),"",IF('WEEK 4 '!M25>5,7,6))) | I30: =IF('WEEK 4 '!M27>=4,"",IF(OR(ISBLANK('WEEK 4 '!M25),ISBLANK('WEEK 4 '!M24),ISBLANK('WEEK 4 '!M23)),"",IF('WEEK 4 '!M25<6,mround('WEEK 4 '!I20*0.65,5),IF('WEEK 4 '!M25<10,mround('WEEK 4 '!I20*0.7,5),mround('WEEK 4 '!I20*0.65,5))))) | J30: =IF('WEEK 4 '!M27>=4,"",IF(OR(ISBLANK('WEEK 4 '!M25),ISBLANK('WEEK 4 '!M24),ISBLANK('WEEK 4 '!M23)),"","REP OUT")) | K30: =IF('WEEK 4 '!M27>=4,"",IF(OR(ISBLANK('WEEK 4 '!M25),ISBLANK('WEEK 4 '!M24),ISBLANK('WEEK 4 '!M23)),"","1 MIN")) | O30: =IF('WEEK 4 '!T27>=4,"",IF(OR(ISBLANK('WEEK 4 '!T25),ISBLANK('WEEK 4 '!T24),ISBLANK('WEEK 4 '!T23)),"",IF('WEEK 4 '!T25>5,7,6))) | P30: =IF('WEEK 4 '!T27>=4,"",IF(OR(ISBLANK('WEEK 4 '!T25),ISBLANK('WEEK 4 '!T24),ISBLANK('WEEK 4 '!T23)),"",IF('WEEK 4 '!T25<6,mround('WEEK 4 '!P20*0.65,5),IF('WEEK 4 '!T25<10,mround('WEEK 4 '!P20*0.7,5),mround('WEEK 4 '!P20*0.65,5))))) | Q30: =IF('WEEK 4 '!T27>=4,"",IF(OR(ISBLANK('WEEK 4 '!T25),ISBLANK('WEEK 4 '!T24),ISBLANK('WEEK 4 '!T23)),"","REP OUT")) | R30: =IF('WEEK 4 '!T27>=4,"",IF(OR(ISBLANK('WEEK 4 '!T25),ISBLANK('WEEK 4 '!T24),ISBLANK('WEEK 4 '!T23)),"","1 MIN"))
A31: =IF('WEEK 4 '!F27>=1,8,IF('WEEK 4 '!F25<1,6,7)) -> 8 | B31: =mround('WEEK 4 '!B32*0.78,5) -> 80 | C31: REP OUT | D31: 1-3 MIN | H31: =IF('WEEK 4 '!M27<4,"",IF(OR(ISBLANK('WEEK 4 '!M25),ISBLANK('WEEK 4 '!M24),ISBLANK('WEEK 4 '!M23)),"",IF('WEEK 4 '!M27>3,6,5))) | I31: =IF('WEEK 4 '!M27<4,"",IF(OR(ISBLANK('WEEK 4 '!M25),ISBLANK('WEEK 4 '!M24),ISBLANK('WEEK 4 '!M23)),"",IF('WEEK 4 '!M27<6,mround('WEEK 4 '!I33*0.8,5),IF('WEEK 4 '!M27<10,mround('WEEK 4 '!I33*0.93,5),mround('WEEK 4 '!I33*0.7,5))))) | J31: =IF('WEEK 4 '!M27<4,"",IF(OR(ISBLANK('WEEK 4 '!M25),ISBLANK('WEEK 4 '!M24),ISBLANK('WEEK 4 '!M23)),"","REP OUT")) | K31: =IF('WEEK 4 '!M27<4,"",IF(OR(ISBLANK('WEEK 4 '!M25),ISBLANK('WEEK 4 '!M24),ISBLANK('WEEK 4 '!M23)),"","1 MIN")) | O31: =IF('WEEK 4 '!T27<4,"",IF(OR(ISBLANK('WEEK 4 '!T25),ISBLANK('WEEK 4 '!T24),ISBLANK('WEEK 4 '!T23)),"",IF('WEEK 4 '!T27>4,6,6))) -> 6 | P31: =IF('WEEK 4 '!T27<4,"",IF(OR(ISBLANK('WEEK 4 '!T25),ISBLANK('WEEK 4 '!T24),ISBLANK('WEEK 4 '!T23)),"",IF('WEEK 4 '!T27<6,mround('WEEK 4 '!P33*0.8,5),IF('WEEK 4 '!T27<10,mround('WEEK 4 '!P33*0.93,5),mround('WEEK 4 '!P33*0.7,5))))) -> 75 | Q31: =IF('WEEK 4 '!T27<4,"",IF(OR(ISBLANK('WEEK 4 '!T25),ISBLANK('WEEK 4 '!T24),ISBLANK('WEEK 4 '!T23)),"","REP OUT")) -> REP OUT | R31: =IF('WEEK 4 '!T27<4,"",IF(OR(ISBLANK('WEEK 4 '!T25),ISBLANK('WEEK 4 '!T24),ISBLANK('WEEK 4 '!T23)),"","1 MIN")) -> 1 MIN
A32: FINAL MAX | B32: =IF(OR(ISBLANK('WEEK 4 '!F25),ISBLANK('WEEK 4 '!F24),ISBLANK('WEEK 4 '!F23)),"",IF('WEEK 4 '!F28>=1,'WEEK 4 '!B28,IF('WEEK 4 '!F27>=1,'WEEK 4 '!B27,IF('WEEK 4 '!F25<1,'WEEK 4 '!B25-5,'WEEK 4 '!B25)))) -> 100 | H32: =IF('WEEK 4 '!M27<4,"",IF(OR(ISBLANK('WEEK 4 '!M25),ISBLANK('WEEK 4 '!M24),ISBLANK('WEEK 4 '!M27)),"",IF('WEEK 4 '!M27>3,7,""))) | I32: =IF('WEEK 4 '!M27<4,"",IF(OR(ISBLANK('WEEK 4 '!M25),ISBLANK('WEEK 4 '!M24),ISBLANK('WEEK 4 '!M23)),"",IF('WEEK 4 '!M27<6,mround('WEEK 4 '!I33*0.65,5),IF('WEEK 4 '!M27<10,mround('WEEK 4 '!I33*0.7,5),mround('WEEK 4 '!I33*0.65,5))))) | J32: =IF('WEEK 4 '!M27<4,"",IF(OR(ISBLANK('WEEK 4 '!M25),ISBLANK('WEEK 4 '!M24),ISBLANK('WEEK 4 '!M23)),"","REP OUT")) | K32: =IF('WEEK 4 '!M27<4,"",IF(OR(ISBLANK('WEEK 4 '!M25),ISBLANK('WEEK 4 '!M24),ISBLANK('WEEK 4 '!M23)),"","1 MIN")) | O32: =IF('WEEK 4 '!T27<4,"",IF(OR(ISBLANK('WEEK 4 '!T25),ISBLANK('WEEK 4 '!T24),ISBLANK('WEEK 4 '!T27)),"",IF('WEEK 4 '!T27>3,7,""))) -> 7 | P32: =IF('WEEK 4 '!T27<4,"",IF(OR(ISBLANK('WEEK 4 '!T25),ISBLANK('WEEK 4 '!T24),ISBLANK('WEEK 4 '!T23)),"",IF('WEEK 4 '!T27<6,mround('WEEK 4 '!P33*0.65,5),IF('WEEK 4 '!T27<10,mround('WEEK 4 '!P33*0.7,5),mround('WEEK 4 '!P33*0.65,5))))) -> 70 | Q32: =IF('WEEK 4 '!T27<4,"",IF(OR(ISBLANK('WEEK 4 '!T25),ISBLANK('WEEK 4 '!T24),ISBLANK('WEEK 4 '!T23)),"","REP OUT")) -> REP OUT | R32: =IF('WEEK 4 '!T27<4,"",IF(OR(ISBLANK('WEEK 4 '!T25),ISBLANK('WEEK 4 '!T24),ISBLANK('WEEK 4 '!T23)),"","1 MIN")) -> 1 MIN
H33: FINAL MAX | I33: =IF(OR(ISBLANK('WEEK 4 '!M23),ISBLANK('WEEK 4 '!M24),ISBLANK('WEEK 4 '!M25)),"",IF('WEEK 4 '!M27>=4,I27,IF('WEEK 4 '!M25<=3,'WEEK 4 '!I25-5,'WEEK 4 '!I25))) | O33: FINAL MAX | P33: =IF(OR(ISBLANK('WEEK 4 '!T23),ISBLANK('WEEK 4 '!T24),ISBLANK('WEEK 4 '!T25)),"",IF('WEEK 4 '!T27>=4,'WEEK 4 '!P27,IF('WEEK 4 '!T25<=3,'WEEK 4 '!P25-5,'WEEK 4 '!P25))) -> 105
A35: =HYPERLINK("https://www.youtube.com/watch?v=mGv8D2DGyNQ","2. DB CHEST FLY") -> 2. DB CHEST FLY | H35: =HYPERLINK("https://www.youtube.com/watch?v=THb0dhfIu1k","2. MACHINE CHEST FLY") -> 2. MACHINE CHEST FLY
A36: DB INCL MAX | B36: =IF(P33="",'Week 2 (MASTER SHEET)'!B34,'WEEK 4 '!P33) -> 105 | H36: DB INCL MAX | I36: =B36 -> 105
A37: SET | B37: WEIGHT | C37: REPS | D37: REST | E37: PREVIOUS | F37: REP LOG | H37: SET | I37: WEIGHT | J37: REPS | K37: REST | L37: PREVIOUS | M37: REP LOG
A38: 1 | B38: =IF('WEEK 4 '!B36<5,0,mround('WEEK 4 '!B36*0.29,2.5)) -> 30 | C38: 10 - 15 | D38: 1 - 3 MIN | H38: 1 | I38: =mround(('WEEK 4 '!I36*2)*0.75,10) -> 160 | J38: 10 - 15 | K38: 1 - 3 MIN
A39: 2 | B39: =IF('WEEK 4 '!B36<5,0,mround('WEEK 4 '!B36*0.29,2.5)) -> 30 | C39: 10 - 15 | D39: 1 - 3 MIN | H39: 2 | I39: =mround('WEEK 4 '!I36*2*0.75,10) -> 160 | J39: 10 - 15 | K39: 1 - 3 MIN
A42: =HYPERLINK("https://www.youtube.com/watch?v=PnaDzYh2axA","3. LAT PULL DOWN") -> 3. LAT PULL DOWN
A43: CURRENT MAX | B43: ='WEEK 3 '!B55 -> 260
A44: SET | B44: WEIGHT | C44: REPS | D44: REST | E44: PREVIOUS | F44: REP LOG
A45: 1 | B45: =mround('WEEK 4 '!B43*0.5,5) -> 135 | C45: Rep Out | D45: 1 Min
A46: 2 | B46: =mround('WEEK 4 '!B43*0.5,5) -> 135 | C46: Rep Out | D46: 1 Min
A47: 3 | B47: =mround('WEEK 4 '!B43*0.5,5) -> 135 | C47: Rep Out | D47: 1 Min
A50: =HYPERLINK("https://www.youtube.com/watch?v=9YH1YvZbiY0","4. MACHINE LOW ROW") -> 4. MACHINE LOW ROW
A51: CURRENT MAX | B51: 100
A52: SET | B52: WEIGHT | C52: REPS | D52: REST | E52: PREVIOUS | F52: REP LOG
A53: 1 | B53: =mround('WEEK 4 '!B51*0.5,5) -> 105 | C53: Rep Out | D53: 1 Min
A54: 2 | B54: =mround('WEEK 4 '!B51*0.5,5) -> 105 | C54: Rep Out | D54: 1 Min
A57: =HYPERLINK("https://www.youtube.com/watch?v=hMUUvL3FlkE","5. MACHINE HIGH ROW") -> 5. MACHINE HIGH ROW
A58: CURRENT MAX | B58: 100
A59: SET | B59: WEIGHT | C59: REPS | D59: REST | E59: PREVIOUS | F59: REP LOG
A60: 1 | B60: =mround('WEEK 4 '!B58*0.5,5) -> 30 | C60: Rep Out | D60: 1 Min
A61: 2 | B61: =mround('WEEK 4 '!B58*0.5,5) -> 30 | C61: Rep Out | D61: 1 Min
A63: =HYPERLINK("https://docs.google.com/a/fitnessresults.com/forms/d/e/1FAIpQLSd7MoczESe8Yjv6BKpmwAZGn9Aiymrs9-UdgfYIUpbr9t5NXg/viewform?usp=pp_url&entry.93370101","CLICK TO COMPLETE WORKOUT") -> CLICK TO COMPLETE WORKOUT
A65: DAY 2
A68: LEGS
A69: =HYPERLINK("https://www.youtube.com/watch?v=ZjpkMnGZjTQ"," 1. SISSY SQUATS") -> 1. SISSY SQUATS
A70: SET | B70: WEIGHT | C70: REPS | D70: REST | E70: PREVIOUS | F70: REP LOG
A71: 1 | B71: BODY | C71: 10 | D71: 1-2 MIN
A72: 2 | B72: BODY | C72: 10 | D72: 1-2 MIN
A75: 2. MACHINE SQUAT
A76: CURRENT MAX | B76: 100
A77: SET | B77: WEIGHT | C77: REPS | D77: REST | E77: PREVIOUS | F77: REP LOG
A78: 1 | B78: =mround('WEEK 4 '!B76*0.35,5) -> 125 | C78: 10 | D78: 1-2 MIN
A79: 2 | B79: =mround('WEEK 4 '!B76*0.5,5) -> 175 | C79: 10 | D79: 1-2 MIN
A80: 3 | B80: =mround('WEEK 4 '!B76*0.75,5) -> 265 | C80: 10 | D80: 1-2 MIN
A81: 4 | B81: =mround('WEEK 4 '!B76*1,5) -> 350 | C81: 10 | D81: 1-2 MIN
A84: =HYPERLINK("https://www.youtube.com/watch?v=NZ9KiFtbiMs","3. LEG EXTENSION") -> 3. LEG EXTENSION
A85: CURRENT MAX | B85: =IF('WEEK 3 '!B92='WEEK 3 '!B94,'WEEK 3 '!B92+5,IF('WEEK 3 '!F92<=9,MROUND('WEEK 3 '!B90*0.95,5),'WEEK 3 '!B92)) -> 85
A86: SET | B86: WEIGHT | C86: REPS | D86: REST | E86: PREVIOUS | F86: REP LOG
A87: 1 | B87: =if('WEEK 3 '!B93='WEEK 3 '!B94,'WEEK 4 '!B85,'WEEK 4 '!B85) -> 85 | C87: 20 | D87: 1 MIN
A88: 2 | B88: =if('WEEK 4 '!F87<8,mround('WEEK 4 '!B87*0.8,5),IF('WEEK 4 '!F87<=14,MROUND('WEEK 4 '!B87*0.95,5),'WEEK 4 '!B87)) -> 80 | C88: 20 | D88: 1 MIN
A89: 3 | B89: =if('WEEK 4 '!F88<8,mround('WEEK 4 '!B88*0.8,5),IF('WEEK 4 '!F88<=14,MROUND('WEEK 4 '!B88*0.95,5),'WEEK 4 '!B88)) -> 75 | C89: 20 | D89: 1 MIN
A92: =HYPERLINK("https://www.youtube.com/watch?v=NZ9KiFtbiMs","4. LEG CURL") -> 4. LEG CURL | H92: =HYPERLINK("https://youtu.be/kmN9cJ79PDE","4. PRONE LEG CURL") -> 4. PRONE LEG CURL
A93: CURRENT MAX | B93: =IF('WEEK 3 '!B101='WEEK 3 '!B103,'WEEK 3 '!B101+5,IF('WEEK 3 '!F101<=9,MROUND('WEEK 3 '!B99*0.95,5),'WEEK 3 '!B101)) -> 90 | H93: CURRENT MAX | I93: =IF('WEEK 3 '!I101='WEEK 3 '!I103,'WEEK 3 '!I101+5,IF('WEEK 3 '!M101<=9,MROUND('WEEK 3 '!I99*0.95,5),'WEEK 3 '!I101)) -> 85
A94: SET | B94: WEIGHT | C94: REPS | D94: REST | E94: PREVIOUS | F94: REP LOG | H94: SET | I94: WEIGHT | J94: REPS | K94: REST | L94: PREVIOUS | M94: REP LOG
A95: 1 | B95: =if('WEEK 3 '!B102='WEEK 3 '!B103,B93,B93) -> 90 | C95: 20 | D95: 1 MIN | G95: ALTERNATE | H95: 1 | I95: =if('WEEK 3 '!I102='WEEK 3 '!I103,I93,I93) -> 85 | J95: 20 | K95: 1 MIN
A96: 2 | B96: =if('WEEK 4 '!F95<8,mround('WEEK 4 '!B95*0.8,5),IF('WEEK 4 '!F95<=14,MROUND('WEEK 4 '!B95*0.95,5),'WEEK 4 '!B95)) -> 90 | C96: 20 | D96: 1 MIN | H96: 2 | I96: =if('WEEK 4 '!M95<8,mround('WEEK 4 '!I95*0.8,5),IF('WEEK 4 '!M95<=14,MROUND('WEEK 4 '!I95*0.95,5),'WEEK 4 '!I95)) -> 70 | J96: 20 | K96: 1 MIN
A97: 3 | B97: =if('WEEK 4 '!F96<8,mround('WEEK 4 '!B96*0.8,5),IF('WEEK 4 '!F96<=14,MROUND('WEEK 4 '!B96*0.95,5),'WEEK 4 '!B96)) -> 90 | C97: 20 | D97: 1 MIN | H97: 3 | I97: =if('WEEK 4 '!M96<8,mround('WEEK 4 '!I96*0.8,5),IF('WEEK 4 '!M96<=14,MROUND('WEEK 4 '!I96*0.95,5),'WEEK 4 '!I96)) -> 55 | J97: 20 | K97: 1 MIN
A99: =HYPERLINK("https://docs.google.com/a/fitnessresults.com/forms/d/e/1FAIpQLSd7MoczESe8Yjv6BKpmwAZGn9Aiymrs9-UdgfYIUpbr9t5NXg/viewform?usp=pp_url&entry.93370101","CLICK TO COMPLETE WORKOUT") -> CLICK TO COMPLETE WORKOUT
A101: DAY 3
A104: =HYPERLINK("https://www.youtube.com/watch?v=qrv8cCA-WCY","WATCH THIS BEFORE MACHINE PRESS") -> WATCH THIS BEFORE MACHINE PRESS | H104: SHOULDERS & ARMS
H105: =HYPERLINK("https://youtu.be/rmxOkkd2hUk","1. SHOULDER PRESS") -> 1. SHOULDER PRESS
A106: SHOULDERS & ARMS | G106: ALTERNATE | H106: CURRENT MAX | I106: ='WEEK 3 '!B113 -> 80
A107: =HYPERLINK("https://www.youtube.com/watch?v=-cSBPE-y38M","1.MACHINE SHOULDER PRESS") -> 1.MACHINE SHOULDER PRESS | H107: SET | I107: WEIGHT | J107: REPS | K107: REST | L107: PREVIOUS | M107: REP LOG
A108: SET | B108: WEIGHT | C108: REPS | D108: REST | E108: PREVIOUS | F108: REP LOG | H108: 1 | I108: =mround(I106*0.35,5) -> 30 | J108: 6 | K108: 30s
A109: 1 | B109: =MROUND('WEEK 3 '!B113*0.5,10) -> 40 | C109: 10 | D109: 1-5 MIN | H109: 2 | I109: =mround('WEEK 4 '!I106*0.65,5) -> 50 | J109: 1 | K109: 1 MIN
A110: 2 | B110: =mround(B109+20,5) -> 60 | C110: 10 | D110: 1-5 MIN | H110: 3 | I110: =mround('WEEK 4 '!I106*0.9,5) -> 70 | J110: 1 | K110: 1 MIN
A111: 3 | B111: =mround(B110+20,5) -> 80 | C111: 10 | D111: 1-5 MIN | H111: 4 | I111: ='WEEK 4 '!I106 -> 80 | J111: 1 | K111: 1 MIN
A112: 4 | B112: =mround(B111+10,5) -> 90 | C112: 10 | D112: 1-5 MIN | H112: NEW 1 REP MAX ATTEMPT
A113: 5 | B113: =mround(B112+10,5) -> 100 | C113: 10 | D113: 1-5 MIN | H113: =if('WEEK 4 '!M111<1,"",5) -> 5 | I113: =IF('WEEK 4 '!M111<1,"",'WEEK 4 '!I111+5) -> 85 | J113: =if('WEEK 4 '!M111<1,"",1) -> 1 | K113: =if('WEEK 4 '!M111<1,"","1-5 MIN") -> 1-5 MIN
A114: 6 | B114: =B113+10 -> 110 | C114: 10 | D114: 1-5 MIN | H114: =IF('WEEK 4 '!M113<1,"","6") -> 6 | I114: =IF('WEEK 4 '!M113<1,"",'WEEK 4 '!I113+5) -> 90 | J114: =IF('WEEK 4 '!M113<1,"","1") -> 1 | K114: =IF('WEEK 4 '!M113<1,"","1-5 MIN") -> 1-5 MIN
A115: 7 | B115: =mround(B114+10,5) -> 120 | C115: 10 | D115: 1-5 MIN | H115: DOWN SETS
A116: INSERT MAX | B116: 150 | H116: =IF(M113>=1,7,IF(M111<1,5,6)) -> 5 | I116: =MROUND('WEEK 4 '!I118*0.9,5) -> 75 | J116: REP OUT | K116: 1-3 MIN
H117: =IF('WEEK 4 '!M113>=1,8,IF('WEEK 4 '!M111<1,6,7)) -> 8 | I117: =mround('WEEK 4 '!I118*0.78,5) -> 65 | J117: REP OUT | K117: 1-3 MIN
H118: FINAL MAX | I118: =IF(OR(ISBLANK('WEEK 4 '!M111),ISBLANK('WEEK 4 '!M110),ISBLANK('WEEK 4 '!M109)),"",IF('WEEK 4 '!M114>=1,'WEEK 4 '!I114,IF('WEEK 4 '!M113>=1,'WEEK 4 '!I113,IF('WEEK 4 '!M111<1,'WEEK 4 '!I111-5,'WEEK 4 '!I111)))) -> 85
A120: =HYPERLINK("https://www.youtube.com/watch?v=XDLQt1j3qUU","2. DUMBBELL REAR DELT FLY ") -> 2. DUMBBELL REAR DELT FLY
